index,condition,Estimate,2.5_ci,97.5_ci,SE,DF,time
0,Hit,-0.042,-0.978,0.895,0.476,311.207,-2.997744140625
1,Miss,0.409,-0.412,1.231,0.416,154.031,-2.997744140625
2,RP,0.709,0.204,1.214,0.247,30.624,-2.997744140625
0,Hit,0.235,-0.663,1.133,0.457,382.552,-2.987744140625
1,Miss,0.334,-0.444,1.112,0.394,174.608,-2.987744140625
2,RP,0.655,0.202,1.108,0.223,33.629,-2.987744140625
0,Hit,0.373,-0.505,1.252,0.448,3299.0,-2.977744140625
1,Miss,0.415,-0.339,1.169,0.385,3299.0,-2.977744140625
2,RP,0.581,0.163,0.998,0.213,3299.0,-2.977744140625
0,Hit,0.466,-0.417,1.349,0.449,378.072,-2.967744140625
1,Miss,0.509,-0.257,1.275,0.388,173.417,-2.967744140625
2,RP,0.566,0.119,1.014,0.22,33.431,-2.967744140625
0,Hit,0.721,-0.179,1.62,0.457,293.28,-2.957744140625
1,Miss,0.359,-0.433,1.152,0.401,149.408,-2.957744140625
2,RP,0.608,0.113,1.103,0.243,30.291,-2.957744140625
0,Hit,0.924,0.019,1.829,0.459,237.582,-2.947744140625
1,Miss,0.154,-0.653,0.96,0.408,130.611,-2.947744140625
2,RP,0.583,0.054,1.112,0.258,28.458,-2.947744140625
0,Hit,0.819,-0.066,1.704,0.449,254.423,-2.937744140625
1,Miss,0.145,-0.64,0.929,0.397,135.014,-2.937744140625
2,RP,0.651,0.147,1.155,0.246,28.344,-2.937744140625
0,Hit,0.485,-0.389,1.36,0.444,247.946,-2.927744140625
1,Miss,0.24,-0.537,1.016,0.393,132.446,-2.927744140625
2,RP,0.766,0.265,1.267,0.245,27.986,-2.927744140625
0,Hit,0.181,-0.688,1.05,0.441,228.77,-2.9177441406249995
1,Miss,0.379,-0.396,1.153,0.391,125.714,-2.9177441406249995
2,RP,0.772,0.263,1.281,0.248,27.384,-2.9177441406249995
0,Hit,0.05,-0.781,0.88,0.422,295.786,-2.907744140625
1,Miss,0.501,-0.23,1.231,0.37,148.075,-2.907744140625
2,RP,0.736,0.284,1.188,0.221,29.648,-2.907744140625
0,Hit,0.091,-0.712,0.894,0.408,370.776,-2.8977441406249995
1,Miss,0.571,-0.125,1.268,0.353,170.184,-2.8977441406249995
2,RP,0.691,0.283,1.099,0.2,32.796,-2.8977441406249995
0,Hit,0.314,-0.516,1.144,0.422,265.389,-2.887744140625
1,Miss,0.669,-0.066,1.405,0.372,139.901,-2.887744140625
2,RP,0.681,0.211,1.15,0.23,29.185,-2.887744140625
0,Hit,0.415,-0.432,1.262,0.43,217.64,-2.8777441406249995
1,Miss,0.701,-0.057,1.459,0.383,123.245,-2.8777441406249995
2,RP,0.747,0.241,1.254,0.247,27.852,-2.8777441406249995
0,Hit,0.42,-0.394,1.233,0.414,319.401,-2.867744140625
1,Miss,0.592,-0.122,1.307,0.362,159.175,-2.867744140625
2,RP,0.729,0.289,1.169,0.216,31.792,-2.867744140625
0,Hit,0.588,-0.201,1.376,0.401,383.917,-2.8577441406249995
1,Miss,0.493,-0.187,1.173,0.344,169.224,-2.8577441406249995
2,RP,0.655,0.266,1.044,0.191,32.402,-2.8577441406249995
0,Hit,0.765,-0.042,1.572,0.41,317.558,-2.847744140625
1,Miss,0.451,-0.253,1.155,0.356,149.944,-2.847744140625
2,RP,0.662,0.24,1.085,0.207,29.09,-2.847744140625
0,Hit,0.655,-0.156,1.465,0.412,294.696,-2.8377441406249995
1,Miss,0.411,-0.302,1.124,0.361,148.112,-2.8377441406249995
2,RP,0.653,0.21,1.096,0.217,29.736,-2.8377441406249995
0,Hit,0.333,-0.465,1.131,0.405,284.337,-2.827744140625
1,Miss,0.215,-0.489,0.919,0.356,146.315,-2.827744140625
2,RP,0.556,0.113,0.999,0.217,29.895,-2.827744140625
0,Hit,0.345,-0.443,1.132,0.4,266.586,-2.8177441406249994
1,Miss,0.103,-0.595,0.8,0.353,140.275,-2.8177441406249994
2,RP,0.464,0.019,0.909,0.218,29.214,-2.8177441406249994
0,Hit,0.544,-0.222,1.309,0.389,308.446,-2.807744140625
1,Miss,0.17,-0.502,0.843,0.34,153.63,-2.807744140625
2,RP,0.525,0.11,0.94,0.203,30.665,-2.807744140625
0,Hit,0.418,-0.329,1.164,0.38,378.53,-2.7977441406249994
1,Miss,0.129,-0.519,0.776,0.328,174.414,-2.7977441406249994
2,RP,0.596,0.216,0.976,0.187,33.668,-2.7977441406249994
0,Hit,0.303,-0.446,1.052,0.381,364.536,-2.787744140625
1,Miss,0.179,-0.472,0.83,0.33,168.764,-2.787744140625
2,RP,0.58,0.197,0.963,0.188,32.592,-2.787744140625
0,Hit,0.388,-0.363,1.138,0.381,301.619,-2.777744140625
1,Miss,0.403,-0.255,1.06,0.333,147.434,-2.777744140625
2,RP,0.601,0.198,1.003,0.197,29.085,-2.777744140625
0,Hit,0.328,-0.402,1.057,0.371,335.878,-2.767744140625
1,Miss,0.465,-0.169,1.1,0.321,156.59,-2.767744140625
2,RP,0.584,0.206,0.961,0.185,30.257,-2.767744140625
0,Hit,0.163,-0.553,0.878,0.364,375.373,-2.7577441406249994
1,Miss,0.315,-0.305,0.934,0.314,169.254,-2.7577441406249994
2,RP,0.483,0.124,0.842,0.176,32.489,-2.7577441406249994
0,Hit,0.063,-0.654,0.78,0.364,340.423,-2.747744140625
1,Miss,0.3,-0.324,0.925,0.316,159.786,-2.747744140625
2,RP,0.441,0.069,0.813,0.182,30.962,-2.747744140625
0,Hit,-0.09,-0.796,0.616,0.359,336.379,-2.737744140625
1,Miss,0.381,-0.233,0.996,0.311,156.868,-2.737744140625
2,RP,0.497,0.132,0.862,0.179,30.315,-2.737744140625
0,Hit,-0.264,-0.964,0.436,0.356,358.614,-2.727744140625
1,Miss,0.309,-0.298,0.917,0.308,163.379,-2.727744140625
2,RP,0.536,0.181,0.891,0.174,31.393,-2.727744140625
0,Hit,-0.161,-0.874,0.551,0.362,298.551,-2.717744140625
1,Miss,0.196,-0.431,0.823,0.317,149.974,-2.717744140625
2,RP,0.442,0.054,0.831,0.19,30.101,-2.717744140625
0,Hit,-0.006,-0.743,0.732,0.374,215.726,-2.707744140625
1,Miss,0.159,-0.5,0.818,0.333,120.789,-2.707744140625
2,RP,0.365,-0.074,0.803,0.214,26.912,-2.707744140625
0,Hit,0.034,-0.673,0.74,0.359,249.195,-2.697744140625
1,Miss,0.179,-0.447,0.805,0.316,130.779,-2.697744140625
2,RP,0.433,0.033,0.834,0.195,27.174,-2.697744140625
0,Hit,0.326,-0.329,0.98,0.334,3299.0,-2.687744140625
1,Miss,0.22,-0.342,0.782,0.286,3299.0,-2.687744140625
2,RP,0.435,0.124,0.746,0.159,3299.0,-2.687744140625
0,Hit,0.631,-0.038,1.301,0.34,332.687,-2.677744140625
1,Miss,0.278,-0.306,0.862,0.296,157.022,-2.677744140625
2,RP,0.324,-0.025,0.673,0.171,30.482,-2.677744140625
0,Hit,0.526,-0.179,1.232,0.358,219.918,-2.6677441406249995
1,Miss,0.314,-0.316,0.944,0.318,122.23,-2.6677441406249995
2,RP,0.313,-0.104,0.73,0.203,26.987,-2.6677441406249995
0,Hit,0.366,-0.316,1.049,0.346,250.801,-2.657744140625
1,Miss,0.302,-0.303,0.906,0.306,131.684,-2.657744140625
2,RP,0.326,-0.06,0.713,0.189,27.373,-2.657744140625
0,Hit,0.453,-0.204,1.11,0.334,312.005,-2.6477441406249995
1,Miss,0.352,-0.221,0.925,0.29,147.118,-2.6477441406249995
2,RP,0.241,-0.103,0.585,0.168,28.516,-2.6477441406249995
0,Hit,0.4,-0.262,1.061,0.336,287.584,-2.637744140625
1,Miss,0.435,-0.146,1.015,0.294,141.449,-2.637744140625
2,RP,0.209,-0.149,0.566,0.174,27.996,-2.637744140625
0,Hit,0.042,-0.604,0.689,0.329,304.069,-2.6277441406249995
1,Miss,0.369,-0.196,0.934,0.286,144.796,-2.6277441406249995
2,RP,0.258,-0.083,0.599,0.167,28.18,-2.6277441406249995
0,Hit,-0.141,-0.78,0.497,0.325,325.263,-2.617744140625
1,Miss,0.219,-0.338,0.776,0.282,153.831,-2.617744140625
2,RP,0.204,-0.13,0.538,0.163,29.876,-2.617744140625
0,Hit,-0.05,-0.682,0.582,0.321,368.812,-2.6077441406249995
1,Miss,0.177,-0.371,0.726,0.278,169.296,-2.6077441406249995
2,RP,0.106,-0.216,0.427,0.158,32.621,-2.6077441406249995
0,Hit,0.211,-0.409,0.831,0.316,3299.0,-2.597744140625
1,Miss,0.248,-0.284,0.78,0.271,3299.0,-2.597744140625
2,RP,0.159,-0.136,0.453,0.15,3298.998,-2.597744140625
0,Hit,0.511,-0.118,1.139,0.32,323.731,-2.5877441406249995
1,Miss,0.293,-0.255,0.841,0.277,152.372,-2.5877441406249995
2,RP,0.297,-0.031,0.625,0.16,29.531,-2.5877441406249995
0,Hit,0.533,-0.102,1.167,0.322,288.09,-2.577744140625
1,Miss,0.08,-0.479,0.64,0.283,147.957,-2.577744140625
2,RP,0.31,-0.041,0.662,0.172,30.185,-2.577744140625
0,Hit,0.343,-0.285,0.971,0.319,325.589,-2.5677441406249994
1,Miss,-0.233,-0.783,0.318,0.279,161.507,-2.5677441406249994
2,RP,0.218,-0.119,0.556,0.166,32.168,-2.5677441406249994
0,Hit,0.166,-0.465,0.798,0.321,280.621,-2.557744140625
1,Miss,-0.23,-0.787,0.328,0.282,145.932,-2.557744140625
2,RP,0.221,-0.132,0.573,0.173,30.077,-2.557744140625
0,Hit,0.092,-0.552,0.737,0.327,218.544,-2.5477441406249994
1,Miss,-0.027,-0.604,0.549,0.291,123.354,-2.5477441406249994
2,RP,0.224,-0.161,0.609,0.188,27.76,-2.5477441406249994
0,Hit,0.071,-0.56,0.702,0.32,235.628,-2.537744140625
1,Miss,0.0,-0.563,0.564,0.285,131.103,-2.537744140625
2,RP,0.118,-0.253,0.49,0.182,28.968,-2.537744140625
0,Hit,-0.021,-0.635,0.592,0.311,248.5,-2.527744140625
1,Miss,0.042,-0.505,0.588,0.276,136.369,-2.527744140625
2,RP,0.088,-0.269,0.445,0.175,29.644,-2.527744140625
0,Hit,-0.013,-0.619,0.592,0.308,249.278,-2.517744140625
1,Miss,0.114,-0.426,0.653,0.273,136.856,-2.517744140625
2,RP,0.148,-0.204,0.501,0.173,29.764,-2.517744140625
0,Hit,0.222,-0.363,0.807,0.297,305.021,-2.5077441406249994
1,Miss,0.107,-0.408,0.623,0.261,156.209,-2.5077441406249994
2,RP,0.156,-0.166,0.478,0.158,31.802,-2.5077441406249994
0,Hit,0.296,-0.261,0.853,0.283,370.469,-2.497744140625
1,Miss,0.251,-0.234,0.736,0.246,174.34,-2.497744140625
2,RP,0.138,-0.149,0.426,0.142,33.877,-2.497744140625
0,Hit,0.245,-0.293,0.784,0.275,3299.0,-2.487744140625
1,Miss,0.507,0.044,0.969,0.236,3299.0,-2.487744140625
2,RP,0.132,-0.125,0.388,0.131,3299.0,-2.487744140625
0,Hit,0.393,-0.145,0.932,0.274,3299.0,-2.477744140625
1,Miss,0.545,0.083,1.006,0.236,3299.0,-2.477744140625
2,RP,0.166,-0.09,0.421,0.13,3299.0,-2.477744140625
0,Hit,0.531,0.006,1.057,0.268,3299.0,-2.467744140625
1,Miss,0.423,-0.028,0.874,0.23,3299.0,-2.467744140625
2,RP,0.208,-0.042,0.458,0.127,3299.0,-2.467744140625
0,Hit,0.571,0.059,1.083,0.261,3299.0,-2.457744140625
1,Miss,0.407,-0.033,0.847,0.224,3299.0,-2.457744140625
2,RP,0.253,0.009,0.497,0.124,3299.0,-2.457744140625
0,Hit,0.549,0.041,1.057,0.259,3299.0,-2.447744140625
1,Miss,0.485,0.049,0.921,0.222,3299.0,-2.447744140625
2,RP,0.278,0.037,0.52,0.123,3299.0,-2.447744140625
0,Hit,0.351,-0.156,0.857,0.258,3299.0,-2.437744140625
1,Miss,0.426,-0.009,0.86,0.222,3299.0,-2.437744140625
2,RP,0.26,0.02,0.501,0.123,3299.0,-2.437744140625
0,Hit,-0.008,-0.502,0.487,0.252,3299.0,-2.4277441406249998
1,Miss,0.171,-0.253,0.596,0.216,3299.0,-2.4277441406249998
2,RP,0.218,-0.017,0.453,0.12,3299.0,-2.4277441406249998
0,Hit,-0.268,-0.762,0.226,0.251,423.869,-2.4177441406249995
1,Miss,-0.032,-0.458,0.394,0.216,188.776,-2.4177441406249995
2,RP,0.135,-0.108,0.378,0.12,36.335,-2.4177441406249995
0,Hit,-0.219,-0.732,0.293,0.261,349.501,-2.407744140625
1,Miss,-0.03,-0.478,0.419,0.227,172.375,-2.407744140625
2,RP,0.097,-0.177,0.37,0.135,34.237,-2.407744140625
0,Hit,0.033,-0.477,0.544,0.26,325.213,-2.3977441406249995
1,Miss,0.093,-0.357,0.543,0.228,166.597,-2.3977441406249995
2,RP,0.092,-0.189,0.372,0.138,33.932,-2.3977441406249995
0,Hit,0.175,-0.334,0.685,0.259,314.706,-2.3877441406249997
1,Miss,0.177,-0.272,0.627,0.228,164.204,-2.3877441406249997
2,RP,0.041,-0.242,0.324,0.139,33.942,-2.3877441406249997
0,Hit,0.269,-0.224,0.763,0.251,399.162,-2.3777441406249995
1,Miss,0.209,-0.22,0.639,0.218,190.285,-2.3777441406249995
2,RP,-0.0,-0.255,0.255,0.126,37.23,-2.3777441406249995
0,Hit,0.371,-0.105,0.847,0.243,3299.0,-2.367744140625
1,Miss,0.29,-0.119,0.699,0.208,3299.0,-2.367744140625
2,RP,0.029,-0.197,0.256,0.115,3299.0,-2.367744140625
0,Hit,0.266,-0.202,0.734,0.239,3299.0,-2.357744140625
1,Miss,0.311,-0.091,0.713,0.205,3299.0,-2.357744140625
2,RP,0.005,-0.217,0.228,0.114,3299.0,-2.357744140625
0,Hit,0.062,-0.396,0.52,0.234,3299.0,-2.347744140625
1,Miss,0.192,-0.202,0.585,0.201,3299.0,-2.347744140625
2,RP,-0.032,-0.249,0.186,0.111,3299.0,-2.347744140625
0,Hit,-0.002,-0.449,0.445,0.228,3299.0,-2.3377441406249995
1,Miss,0.092,-0.292,0.475,0.196,3299.0,-2.3377441406249995
2,RP,0.086,-0.127,0.298,0.108,3299.0,-2.3377441406249995
0,Hit,0.001,-0.454,0.456,0.232,3299.0,-2.327744140625
1,Miss,0.094,-0.297,0.485,0.199,3299.0,-2.327744140625
2,RP,0.203,-0.014,0.419,0.11,3299.0,-2.327744140625
0,Hit,0.009,-0.452,0.47,0.235,3299.0,-2.317744140625
1,Miss,0.15,-0.245,0.546,0.202,3299.0,-2.317744140625
2,RP,0.123,-0.096,0.342,0.112,3299.0,-2.317744140625
0,Hit,-0.113,-0.574,0.347,0.235,3299.0,-2.307744140625
1,Miss,0.069,-0.326,0.464,0.201,3299.0,-2.307744140625
2,RP,-0.034,-0.252,0.185,0.112,3299.0,-2.307744140625
0,Hit,-0.281,-0.74,0.178,0.234,419.547,-2.2977441406249994
1,Miss,-0.021,-0.416,0.375,0.2,186.051,-2.2977441406249994
2,RP,-0.118,-0.344,0.107,0.111,35.778,-2.2977441406249994
0,Hit,-0.215,-0.679,0.249,0.236,387.638,-2.287744140625
1,Miss,0.097,-0.305,0.5,0.204,178.59,-2.287744140625
2,RP,-0.123,-0.358,0.113,0.116,34.496,-2.287744140625
0,Hit,-0.085,-0.559,0.39,0.241,356.853,-2.277744140625
1,Miss,0.107,-0.308,0.521,0.21,173.148,-2.277744140625
2,RP,-0.07,-0.32,0.18,0.123,34.09,-2.277744140625
0,Hit,-0.04,-0.515,0.435,0.242,404.656,-2.267744140625
1,Miss,-0.107,-0.519,0.305,0.209,188.377,-2.267744140625
2,RP,-0.037,-0.279,0.205,0.119,36.546,-2.267744140625
0,Hit,-0.001,-0.467,0.465,0.238,3299.0,-2.2577441406249994
1,Miss,-0.201,-0.601,0.199,0.204,3299.0,-2.2577441406249994
2,RP,-0.069,-0.29,0.153,0.113,3299.0,-2.2577441406249994
0,Hit,-0.092,-0.547,0.363,0.232,3299.0,-2.247744140625
1,Miss,-0.221,-0.612,0.17,0.199,3299.0,-2.247744140625
2,RP,-0.079,-0.295,0.137,0.11,3299.0,-2.247744140625
0,Hit,-0.295,-0.755,0.166,0.234,371.587,-2.237744140625
1,Miss,-0.432,-0.831,-0.033,0.202,169.214,-2.237744140625
2,RP,-0.021,-0.254,0.211,0.114,32.544,-2.237744140625
0,Hit,-0.286,-0.751,0.179,0.237,379.985,-2.227744140625
1,Miss,-0.559,-0.964,-0.154,0.205,179.697,-2.227744140625
2,RP,0.052,-0.189,0.292,0.118,35.004,-2.227744140625
0,Hit,-0.022,-0.475,0.431,0.231,3299.0,-2.217744140625
1,Miss,-0.434,-0.823,-0.045,0.198,3299.0,-2.217744140625
2,RP,0.086,-0.129,0.301,0.11,3299.0,-2.217744140625
0,Hit,-0.021,-0.474,0.431,0.231,3299.0,-2.207744140625
1,Miss,-0.378,-0.766,0.01,0.198,3299.0,-2.207744140625
2,RP,0.112,-0.103,0.327,0.11,3299.0,-2.207744140625
0,Hit,-0.245,-0.699,0.208,0.231,3299.0,-2.197744140625
1,Miss,-0.403,-0.792,-0.014,0.199,3299.0,-2.197744140625
2,RP,0.074,-0.141,0.29,0.11,3299.0,-2.197744140625
0,Hit,-0.177,-0.634,0.28,0.233,3299.0,-2.187744140625
1,Miss,-0.133,-0.526,0.259,0.2,3299.0,-2.187744140625
2,RP,-0.133,-0.35,0.085,0.111,3299.0,-2.187744140625
0,Hit,-0.014,-0.473,0.445,0.234,3299.0,-2.1777441406249998
1,Miss,0.18,-0.213,0.574,0.201,3299.0,-2.1777441406249998
2,RP,-0.205,-0.423,0.014,0.111,3299.0,-2.1777441406249998
0,Hit,-0.039,-0.495,0.417,0.233,3299.0,-2.1677441406249995
1,Miss,0.039,-0.353,0.43,0.2,3299.0,-2.1677441406249995
2,RP,-0.093,-0.31,0.124,0.111,3299.0,-2.1677441406249995
0,Hit,-0.13,-0.61,0.349,0.244,402.246,-2.157744140625
1,Miss,-0.148,-0.563,0.267,0.21,182.799,-2.157744140625
2,RP,-0.091,-0.331,0.149,0.118,35.229,-2.157744140625
0,Hit,-0.092,-0.573,0.39,0.246,3299.0,-2.1477441406249995
1,Miss,-0.164,-0.577,0.249,0.211,3299.0,-2.1477441406249995
2,RP,-0.069,-0.298,0.16,0.117,3299.0,-2.1477441406249995
0,Hit,0.014,-0.465,0.493,0.244,3299.0,-2.1377441406249997
1,Miss,-0.306,-0.718,0.105,0.21,3299.0,-2.1377441406249997
2,RP,0.039,-0.189,0.267,0.116,3299.0,-2.1377441406249997
0,Hit,-0.128,-0.612,0.356,0.247,3299.0,-2.1277441406249995
1,Miss,-0.348,-0.764,0.067,0.212,3299.0,-2.1277441406249995
2,RP,0.012,-0.219,0.242,0.117,3299.0,-2.1277441406249995
0,Hit,-0.295,-0.797,0.207,0.256,384.303,-2.117744140625
1,Miss,-0.179,-0.617,0.259,0.222,183.53,-2.117744140625
2,RP,-0.122,-0.383,0.139,0.129,35.907,-2.117744140625
0,Hit,-0.261,-0.753,0.232,0.251,3299.0,-2.107744140625
1,Miss,-0.088,-0.511,0.335,0.216,3299.0,-2.107744140625
2,RP,-0.09,-0.324,0.145,0.119,3299.0,-2.107744140625
0,Hit,-0.173,-0.675,0.329,0.256,3299.0,-2.097744140625
1,Miss,-0.012,-0.443,0.418,0.22,3299.0,-2.097744140625
2,RP,-0.014,-0.253,0.224,0.122,3299.0,-2.097744140625
0,Hit,-0.084,-0.587,0.418,0.256,3299.0,-2.0877441406249995
1,Miss,-0.196,-0.628,0.235,0.22,3299.0,-2.0877441406249995
2,RP,-0.143,-0.382,0.096,0.122,3299.0,-2.0877441406249995
0,Hit,0.104,-0.402,0.61,0.258,3299.0,-2.077744140625
1,Miss,-0.371,-0.805,0.064,0.222,3299.0,-2.077744140625
2,RP,-0.312,-0.553,-0.072,0.123,3299.0,-2.077744140625
0,Hit,0.245,-0.269,0.759,0.262,3299.0,-2.067744140625
1,Miss,-0.057,-0.498,0.384,0.225,3299.0,-2.067744140625
2,RP,-0.292,-0.536,-0.047,0.125,3299.0,-2.067744140625
0,Hit,0.107,-0.41,0.624,0.264,3299.0,-2.057744140625
1,Miss,0.103,-0.341,0.547,0.227,3299.0,-2.057744140625
2,RP,-0.207,-0.454,0.039,0.125,3299.0,-2.057744140625
0,Hit,-0.127,-0.662,0.407,0.272,391.432,-2.0477441406249994
1,Miss,-0.022,-0.485,0.442,0.235,180.435,-2.0477441406249994
2,RP,-0.141,-0.412,0.13,0.133,34.868,-2.0477441406249994
0,Hit,-0.125,-0.672,0.422,0.278,344.865,-2.037744140625
1,Miss,0.023,-0.455,0.502,0.243,168.435,-2.037744140625
2,RP,-0.024,-0.315,0.266,0.143,33.263,-2.037744140625
0,Hit,-0.126,-0.661,0.409,0.272,401.188,-2.027744140625
1,Miss,-0.07,-0.535,0.394,0.235,186.28,-2.027744140625
2,RP,0.04,-0.232,0.312,0.134,36.101,-2.027744140625
0,Hit,-0.31,-0.853,0.234,0.277,3299.0,-2.017744140625
1,Miss,-0.323,-0.789,0.144,0.238,3299.0,-2.017744140625
2,RP,-0.103,-0.361,0.156,0.132,3299.0,-2.017744140625
0,Hit,-0.369,-0.925,0.188,0.284,3299.0,-2.0077441406249994
1,Miss,-0.27,-0.748,0.208,0.244,3299.0,-2.0077441406249994
2,RP,-0.227,-0.491,0.038,0.135,3299.0,-2.0077441406249994
0,Hit,-0.269,-0.83,0.292,0.286,3299.0,-1.997744140625
1,Miss,-0.03,-0.512,0.451,0.245,3299.0,-1.997744140625
2,RP,-0.222,-0.489,0.045,0.136,3299.0,-1.997744140625
0,Hit,-0.15,-0.713,0.413,0.287,3299.0,-1.987744140625
1,Miss,-0.001,-0.484,0.482,0.246,3299.0,-1.987744140625
2,RP,-0.306,-0.574,-0.039,0.137,3299.0,-1.987744140625
0,Hit,-0.001,-0.575,0.573,0.293,3299.0,-1.977744140625
1,Miss,-0.098,-0.591,0.394,0.251,3299.0,-1.977744140625
2,RP,-0.405,-0.678,-0.132,0.139,3299.0,-1.977744140625
0,Hit,0.04,-0.549,0.628,0.3,3299.0,-1.967744140625
1,Miss,-0.152,-0.657,0.353,0.258,3299.0,-1.967744140625
2,RP,-0.401,-0.681,-0.121,0.143,3299.0,-1.967744140625
0,Hit,0.082,-0.515,0.68,0.305,3299.0,-1.957744140625
1,Miss,-0.149,-0.662,0.364,0.261,3299.0,-1.957744140625
2,RP,-0.354,-0.638,-0.07,0.145,3299.0,-1.957744140625
0,Hit,0.183,-0.418,0.785,0.307,3299.0,-1.947744140625
1,Miss,-0.111,-0.627,0.405,0.263,3299.0,-1.947744140625
2,RP,-0.274,-0.56,0.011,0.146,3299.0,-1.947744140625
0,Hit,0.052,-0.552,0.656,0.308,3299.0,-1.937744140625
1,Miss,-0.079,-0.597,0.439,0.264,3299.0,-1.937744140625
2,RP,-0.248,-0.535,0.039,0.146,3299.0,-1.937744140625
0,Hit,-0.209,-0.823,0.404,0.313,3299.0,-1.9277441406249995
1,Miss,-0.101,-0.627,0.426,0.268,3299.0,-1.9277441406249995
2,RP,-0.248,-0.539,0.044,0.149,3299.0,-1.9277441406249995
0,Hit,-0.399,-1.014,0.216,0.314,3299.0,-1.9177441406249995
1,Miss,-0.096,-0.624,0.432,0.269,3299.0,-1.9177441406249995
2,RP,-0.254,-0.546,0.039,0.149,3299.0,-1.9177441406249995
0,Hit,-0.55,-1.165,0.065,0.314,3299.0,-1.9077441406249995
1,Miss,0.053,-0.474,0.581,0.269,3299.0,-1.9077441406249995
2,RP,-0.361,-0.653,-0.068,0.149,3299.0,-1.9077441406249995
0,Hit,-0.603,-1.22,0.013,0.314,3299.0,-1.8977441406249995
1,Miss,0.026,-0.504,0.555,0.27,3299.0,-1.8977441406249995
2,RP,-0.468,-0.762,-0.175,0.15,3299.0,-1.8977441406249995
0,Hit,-0.523,-1.153,0.106,0.321,3299.0,-1.8877441406249995
1,Miss,-0.319,-0.859,0.221,0.276,3299.0,-1.8877441406249995
2,RP,-0.449,-0.748,-0.15,0.153,3299.0,-1.8877441406249995
0,Hit,-0.383,-1.034,0.269,0.331,414.507,-1.8777441406249995
1,Miss,-0.535,-1.099,0.029,0.286,189.731,-1.8777441406249995
2,RP,-0.399,-0.726,-0.071,0.161,36.663,-1.8777441406249995
0,Hit,-0.255,-0.92,0.411,0.339,403.046,-1.867744140625
1,Miss,-0.505,-1.083,0.072,0.293,186.585,-1.867744140625
2,RP,-0.39,-0.727,-0.052,0.166,36.132,-1.867744140625
0,Hit,-0.115,-0.778,0.547,0.337,449.757,-1.857744140625
1,Miss,-0.43,-1.001,0.141,0.29,201.232,-1.857744140625
2,RP,-0.339,-0.665,-0.014,0.161,38.857,-1.857744140625
0,Hit,-0.197,-0.882,0.488,0.349,373.173,-1.847744140625
1,Miss,-0.282,-0.88,0.317,0.303,180.984,-1.847744140625
2,RP,-0.259,-0.619,0.102,0.178,35.649,-1.847744140625
0,Hit,-0.51,-1.187,0.166,0.344,410.332,-1.837744140625
1,Miss,-0.233,-0.82,0.354,0.298,191.125,-1.837744140625
2,RP,-0.245,-0.588,0.099,0.17,37.101,-1.837744140625
0,Hit,-0.573,-1.233,0.087,0.337,3299.0,-1.827744140625
1,Miss,-0.201,-0.768,0.365,0.289,3299.0,-1.827744140625
2,RP,-0.286,-0.599,0.028,0.16,3299.0,-1.827744140625
0,Hit,-0.253,-0.923,0.417,0.342,3299.0,-1.817744140625
1,Miss,-0.267,-0.842,0.308,0.293,3299.0,-1.817744140625
2,RP,-0.335,-0.653,-0.016,0.162,3299.0,-1.817744140625
0,Hit,-0.148,-0.832,0.536,0.349,3299.0,-1.807744140625
1,Miss,-0.34,-0.927,0.247,0.299,3299.0,-1.807744140625
2,RP,-0.38,-0.705,-0.055,0.166,3299.0,-1.807744140625
0,Hit,-0.492,-1.174,0.19,0.348,3299.0,-1.7977441406249997
1,Miss,-0.244,-0.829,0.342,0.298,3299.0,-1.7977441406249997
2,RP,-0.426,-0.75,-0.102,0.165,3299.0,-1.7977441406249997
0,Hit,-0.784,-1.49,-0.079,0.359,349.501,-1.7877441406249996
1,Miss,-0.29,-0.908,0.329,0.313,172.401,-1.7877441406249996
2,RP,-0.528,-0.904,-0.151,0.185,34.245,-1.7877441406249996
0,Hit,-0.732,-1.442,-0.022,0.361,343.102,-1.7777441406249996
1,Miss,-0.465,-1.088,0.158,0.316,172.076,-1.7777441406249996
2,RP,-0.562,-0.945,-0.18,0.189,34.532,-1.7777441406249996
0,Hit,-0.549,-1.264,0.165,0.363,344.798,-1.7677441406249996
1,Miss,-0.381,-1.008,0.246,0.318,172.15,-1.7677441406249996
2,RP,-0.58,-0.965,-0.196,0.189,34.447,-1.7677441406249996
0,Hit,-0.552,-1.257,0.154,0.359,397.727,-1.7577441406249996
1,Miss,-0.212,-0.825,0.402,0.311,186.943,-1.7577441406249996
2,RP,-0.573,-0.934,-0.211,0.178,36.37,-1.7577441406249996
0,Hit,-0.592,-1.294,0.11,0.357,397.106,-1.7477441406249996
1,Miss,-0.327,-0.937,0.283,0.309,186.181,-1.7477441406249996
2,RP,-0.37,-0.73,-0.01,0.177,36.188,-1.7477441406249996
0,Hit,-0.441,-1.143,0.262,0.357,422.361,-1.7377441406249996
1,Miss,-0.562,-1.171,0.046,0.308,193.981,-1.7377441406249996
2,RP,-0.228,-0.581,0.125,0.174,37.539,-1.7377441406249996
0,Hit,-0.481,-1.19,0.227,0.36,428.158,-1.7277441406249996
1,Miss,-0.591,-1.204,0.021,0.31,194.317,-1.7277441406249996
2,RP,-0.363,-0.715,-0.01,0.174,37.524,-1.7277441406249996
0,Hit,-0.65,-1.361,0.062,0.363,3299.0,-1.7177441406249996
1,Miss,-0.498,-1.109,0.112,0.311,3299.0,-1.7177441406249996
2,RP,-0.529,-0.867,-0.191,0.173,3299.0,-1.7177441406249996
0,Hit,-0.629,-1.351,0.094,0.369,3299.0,-1.7077441406249996
1,Miss,-0.422,-1.042,0.198,0.316,3299.0,-1.7077441406249996
2,RP,-0.577,-0.921,-0.234,0.175,3299.0,-1.7077441406249996
0,Hit,-0.653,-1.382,0.077,0.372,3299.0,-1.6977441406249996
1,Miss,-0.441,-1.068,0.185,0.319,3299.0,-1.6977441406249996
2,RP,-0.511,-0.858,-0.164,0.177,3299.0,-1.6977441406249996
0,Hit,-0.725,-1.47,0.02,0.379,403.583,-1.6877441406249996
1,Miss,-0.412,-1.059,0.235,0.328,187.625,-1.6877441406249996
2,RP,-0.487,-0.866,-0.108,0.187,36.382,-1.6877441406249996
0,Hit,-0.807,-1.55,-0.063,0.378,429.26,-1.6777441406249995
1,Miss,-0.341,-0.984,0.303,0.326,196.561,-1.6777441406249995
2,RP,-0.554,-0.926,-0.181,0.184,38.033,-1.6777441406249995
0,Hit,-0.928,-1.661,-0.194,0.373,428.798,-1.6677441406249995
1,Miss,-0.252,-0.886,0.382,0.322,195.412,-1.6677441406249995
2,RP,-0.555,-0.921,-0.188,0.181,37.769,-1.6677441406249995
0,Hit,-0.779,-1.514,-0.043,0.374,401.948,-1.6577441406249995
1,Miss,-0.32,-0.958,0.318,0.324,186.91,-1.6577441406249995
2,RP,-0.489,-0.863,-0.115,0.185,36.242,-1.6577441406249995
0,Hit,-0.408,-1.131,0.315,0.369,3299.0,-1.6477441406249995
1,Miss,-0.576,-1.197,0.044,0.317,3299.0,-1.6477441406249995
2,RP,-0.507,-0.851,-0.163,0.175,3299.0,-1.6477441406249995
0,Hit,-0.324,-1.049,0.401,0.37,3299.0,-1.6377441406249995
1,Miss,-0.497,-1.12,0.125,0.317,3299.0,-1.6377441406249995
2,RP,-0.6,-0.945,-0.255,0.176,3299.0,-1.6377441406249995
0,Hit,-0.638,-1.388,0.111,0.381,362.678,-1.6277441406249995
1,Miss,-0.08,-0.734,0.574,0.331,174.012,-1.6277441406249995
2,RP,-0.634,-1.026,-0.242,0.193,34.079,-1.6277441406249995
0,Hit,-0.749,-1.504,0.006,0.384,380.227,-1.6177441406249995
1,Miss,-0.032,-0.689,0.625,0.333,178.859,-1.6177441406249995
2,RP,-0.581,-0.969,-0.192,0.192,34.77,-1.6177441406249995
0,Hit,-0.53,-1.272,0.213,0.379,3299.0,-1.6077441406249997
1,Miss,-0.403,-1.041,0.234,0.325,3299.0,-1.6077441406249997
2,RP,-0.489,-0.842,-0.136,0.18,3299.0,-1.6077441406249997
0,Hit,-0.559,-1.304,0.187,0.379,420.465,-1.5977441406249997
1,Miss,-0.47,-1.112,0.173,0.326,186.299,-1.5977441406249997
2,RP,-0.463,-0.829,-0.097,0.18,35.827,-1.5977441406249997
0,Hit,-0.815,-1.582,-0.049,0.39,393.842,-1.5877441406249997
1,Miss,-0.256,-0.92,0.409,0.337,180.576,-1.5877441406249997
2,RP,-0.547,-0.934,-0.159,0.191,34.85,-1.5877441406249997
0,Hit,-0.758,-1.526,0.011,0.391,389.816,-1.5777441406249997
1,Miss,-0.304,-0.969,0.362,0.337,178.03,-1.5777441406249997
2,RP,-0.612,-0.999,-0.224,0.191,34.314,-1.5777441406249997
0,Hit,-0.503,-1.277,0.27,0.393,372.444,-1.5677441406249997
1,Miss,-0.278,-0.949,0.394,0.34,172.097,-1.5677441406249997
2,RP,-0.652,-1.046,-0.257,0.194,33.234,-1.5677441406249997
0,Hit,-0.409,-1.198,0.38,0.401,359.215,-1.5577441406249997
1,Miss,-0.226,-0.914,0.462,0.349,171.597,-1.5577441406249997
2,RP,-0.694,-1.106,-0.282,0.203,33.533,-1.5577441406249997
0,Hit,-0.445,-1.234,0.345,0.402,384.758,-1.5477441406249997
1,Miss,-0.302,-0.99,0.386,0.349,183.386,-1.5477441406249997
2,RP,-0.722,-1.132,-0.313,0.202,35.849,-1.5477441406249997
0,Hit,-0.419,-1.189,0.352,0.393,3299.0,-1.5377441406249996
1,Miss,-0.268,-0.929,0.393,0.337,3299.0,-1.5377441406249996
2,RP,-0.724,-1.09,-0.358,0.187,3299.0,-1.5377441406249996
0,Hit,-0.202,-0.982,0.577,0.396,418.727,-1.5277441406249996
1,Miss,-0.377,-1.05,0.296,0.341,189.067,-1.5277441406249996
2,RP,-0.697,-1.085,-0.31,0.191,36.444,-1.5277441406249996
0,Hit,-0.172,-0.951,0.606,0.396,393.439,-1.5177441406249996
1,Miss,-0.595,-1.269,0.079,0.342,179.555,-1.5177441406249996
2,RP,-0.711,-1.103,-0.319,0.193,34.612,-1.5177441406249996
0,Hit,-0.389,-1.157,0.378,0.392,3299.0,-1.5077441406249996
1,Miss,-0.619,-1.278,0.04,0.336,3299.0,-1.5077441406249996
2,RP,-0.69,-1.055,-0.325,0.186,3299.0,-1.5077441406249996
0,Hit,-0.324,-1.095,0.447,0.393,3299.0,-1.4977441406249996
1,Miss,-0.589,-1.251,0.073,0.338,3299.0,-1.4977441406249996
2,RP,-0.591,-0.957,-0.224,0.187,3299.0,-1.4977441406249996
0,Hit,-0.104,-0.879,0.671,0.395,3299.0,-1.4877441406249998
1,Miss,-0.539,-1.204,0.126,0.339,3299.0,-1.4877441406249998
2,RP,-0.664,-1.033,-0.296,0.188,3299.0,-1.4877441406249998
0,Hit,-0.039,-0.818,0.74,0.397,3299.0,-1.4777441406249996
1,Miss,-0.389,-1.058,0.279,0.341,3299.0,-1.4777441406249996
2,RP,-0.827,-1.197,-0.457,0.189,3299.0,-1.4777441406249996
0,Hit,0.004,-0.774,0.783,0.397,3299.0,-1.4677441406249998
1,Miss,-0.249,-0.918,0.419,0.341,3299.0,-1.4677441406249998
2,RP,-0.813,-1.183,-0.443,0.189,3299.0,-1.4677441406249998
0,Hit,-0.134,-0.925,0.656,0.402,394.954,-1.4577441406249996
1,Miss,-0.167,-0.852,0.518,0.347,181.134,-1.4577441406249996
2,RP,-0.714,-1.113,-0.315,0.197,34.963,-1.4577441406249996
0,Hit,-0.474,-1.276,0.328,0.408,373.24,-1.4477441406249998
1,Miss,-0.187,-0.886,0.512,0.354,177.655,-1.4477441406249998
2,RP,-0.746,-1.163,-0.329,0.205,34.687,-1.4477441406249998
0,Hit,-0.545,-1.348,0.257,0.408,388.599,-1.4377441406249996
1,Miss,-0.24,-0.937,0.458,0.353,181.319,-1.4377441406249996
2,RP,-0.848,-1.259,-0.438,0.202,35.165,-1.4377441406249996
0,Hit,-0.509,-1.33,0.313,0.418,366.675,-1.4277441406249998
1,Miss,-0.297,-1.013,0.419,0.363,174.176,-1.4277441406249998
2,RP,-0.863,-1.29,-0.436,0.21,33.966,-1.4277441406249998
0,Hit,-0.606,-1.442,0.23,0.425,366.449,-1.4177441406249995
1,Miss,-0.358,-1.087,0.371,0.369,175.372,-1.4177441406249995
2,RP,-0.801,-1.238,-0.365,0.215,34.311,-1.4177441406249995
0,Hit,-0.582,-1.434,0.271,0.433,358.98,-1.4077441406249998
1,Miss,-0.189,-0.934,0.556,0.377,174.068,-1.4077441406249998
2,RP,-0.789,-1.238,-0.339,0.221,34.262,-1.4077441406249998
0,Hit,-0.368,-1.218,0.482,0.432,367.523,-1.3977441406249995
1,Miss,-0.113,-0.853,0.628,0.375,173.813,-1.3977441406249995
2,RP,-0.874,-1.314,-0.434,0.217,33.835,-1.3977441406249995
0,Hit,-0.196,-1.05,0.657,0.434,342.332,-1.3877441406249995
1,Miss,-0.172,-0.92,0.575,0.379,167.273,-1.3877441406249995
2,RP,-0.972,-1.426,-0.518,0.223,33.038,-1.3877441406249995
0,Hit,-0.163,-1.027,0.7,0.439,322.847,-1.3777441406249995
1,Miss,-0.111,-0.871,0.649,0.385,164.074,-1.3777441406249995
2,RP,-0.987,-1.459,-0.516,0.232,33.219,-1.3777441406249995
0,Hit,-0.188,-1.072,0.696,0.449,250.44,-1.3677441406249995
1,Miss,-0.084,-0.871,0.704,0.398,138.377,-1.3677441406249995
2,RP,-0.97,-1.486,-0.454,0.253,30.314,-1.3677441406249995
0,Hit,-0.157,-1.052,0.738,0.454,215.264,-1.3577441406249997
1,Miss,-0.294,-1.097,0.508,0.406,124.22,-1.3577441406249997
2,RP,-0.959,-1.501,-0.417,0.265,28.795,-1.3577441406249997
0,Hit,-0.186,-1.057,0.685,0.442,261.131,-1.3477441406249997
1,Miss,-0.55,-1.324,0.224,0.392,141.727,-1.3477441406249997
2,RP,-0.927,-1.429,-0.426,0.246,30.432,-1.3477441406249997
0,Hit,-0.364,-1.227,0.499,0.439,305.512,-1.3377441406249997
1,Miss,-0.635,-1.395,0.126,0.385,156.099,-1.3377441406249997
2,RP,-0.872,-1.346,-0.397,0.233,31.723,-1.3377441406249997
0,Hit,-0.298,-1.164,0.568,0.44,313.763,-1.3277441406249997
1,Miss,-0.565,-1.328,0.197,0.386,159.846,-1.3277441406249997
2,RP,-0.821,-1.296,-0.346,0.233,32.417,-1.3277441406249997
0,Hit,-0.002,-0.875,0.871,0.444,313.489,-1.3177441406249994
1,Miss,-0.349,-1.118,0.42,0.39,160.935,-1.3177441406249994
2,RP,-0.867,-1.347,-0.386,0.236,32.829,-1.3177441406249994
0,Hit,-0.097,-0.983,0.79,0.45,292.633,-1.3077441406249997
1,Miss,-0.098,-0.881,0.685,0.396,152.154,-1.3077441406249997
2,RP,-0.986,-1.48,-0.491,0.242,31.356,-1.3077441406249997
0,Hit,-0.481,-1.371,0.409,0.452,267.296,-1.2977441406249994
1,Miss,0.022,-0.767,0.811,0.399,141.242,-1.2977441406249994
2,RP,-1.063,-1.567,-0.559,0.247,29.53,-1.2977441406249994
0,Hit,-0.581,-1.466,0.304,0.45,284.292,-1.2877441406249996
1,Miss,-0.05,-0.832,0.732,0.396,147.401,-1.2877441406249996
2,RP,-1.013,-1.506,-0.519,0.242,30.304,-1.2877441406249996
0,Hit,-0.503,-1.382,0.376,0.447,324.474,-1.2777441406249994
1,Miss,-0.139,-0.91,0.632,0.39,160.587,-1.2777441406249994
2,RP,-0.951,-1.423,-0.478,0.232,31.938,-1.2777441406249994
0,Hit,-0.6,-1.484,0.285,0.45,317.85,-1.2677441406249996
1,Miss,-0.082,-0.858,0.694,0.393,157.478,-1.2677441406249996
2,RP,-1.07,-1.546,-0.593,0.234,31.335,-1.2677441406249996
0,Hit,-0.716,-1.617,0.184,0.458,275.664,-1.2577441406249994
1,Miss,0.037,-0.76,0.834,0.403,144.505,-1.2577441406249994
2,RP,-1.258,-1.764,-0.751,0.248,29.992,-1.2577441406249994
0,Hit,-0.763,-1.671,0.145,0.461,262.43,-1.2477441406249996
1,Miss,0.035,-0.772,0.841,0.408,141.197,-1.2477441406249996
2,RP,-1.33,-1.85,-0.809,0.255,30.045,-1.2477441406249996
0,Hit,-0.776,-1.688,0.137,0.463,261.263,-1.2377441406249998
1,Miss,-0.092,-0.902,0.719,0.41,140.806,-1.2377441406249998
2,RP,-1.333,-1.857,-0.809,0.256,30.014,-1.2377441406249998
0,Hit,-0.662,-1.574,0.251,0.463,256.229,-1.2277441406249996
1,Miss,-0.277,-1.087,0.533,0.409,136.804,-1.2277441406249996
2,RP,-1.32,-1.841,-0.798,0.255,28.889,-1.2277441406249996
0,Hit,-0.587,-1.52,0.345,0.473,232.443,-1.2177441406249998
1,Miss,-0.327,-1.158,0.505,0.42,128.454,-1.2177441406249998
2,RP,-1.326,-1.873,-0.779,0.267,28.16,-1.2177441406249998
0,Hit,-0.555,-1.503,0.392,0.481,217.127,-1.2077441406249996
1,Miss,-0.297,-1.145,0.552,0.429,123.459,-1.2077441406249996
2,RP,-1.292,-1.86,-0.724,0.277,28.05,-1.2077441406249996
0,Hit,-0.496,-1.446,0.454,0.482,221.886,-1.1977441406249998
1,Miss,-0.458,-1.307,0.392,0.429,124.771,-1.1977441406249998
2,RP,-1.193,-1.758,-0.628,0.276,27.942,-1.1977441406249998
0,Hit,-0.675,-1.595,0.246,0.468,288.169,-1.1877441406249996
1,Miss,-0.683,-1.494,0.128,0.41,146.485,-1.1877441406249996
2,RP,-1.206,-1.713,-0.699,0.248,29.649,-1.1877441406249996
0,Hit,-0.825,-1.717,0.068,0.454,358.274,-1.1777441406249998
1,Miss,-0.618,-1.393,0.157,0.392,164.902,-1.1777441406249998
2,RP,-1.279,-1.735,-0.824,0.224,31.775,-1.1777441406249998
0,Hit,-0.73,-1.629,0.168,0.457,339.837,-1.1677441406249995
1,Miss,-0.39,-1.173,0.392,0.396,158.841,-1.1677441406249995
2,RP,-1.269,-1.734,-0.804,0.228,30.729,-1.1677441406249995
0,Hit,-0.764,-1.683,0.156,0.467,311.32,-1.1577441406249998
1,Miss,-0.384,-1.191,0.422,0.408,152.367,-1.1577441406249998
2,RP,-1.263,-1.755,-0.77,0.241,30.09,-1.1577441406249998
0,Hit,-0.773,-1.711,0.164,0.476,285.218,-1.1477441406249995
1,Miss,-0.457,-1.284,0.37,0.418,146.287,-1.1477441406249995
2,RP,-1.354,-1.873,-0.835,0.254,29.812,-1.1477441406249995
0,Hit,-0.564,-1.53,0.402,0.49,229.258,-1.1377441406249995
1,Miss,-0.417,-1.279,0.445,0.436,127.037,-1.1377441406249995
2,RP,-1.506,-2.075,-0.938,0.277,27.939,-1.1377441406249995
0,Hit,-0.508,-1.476,0.46,0.491,231.537,-1.1277441406249995
1,Miss,-0.4,-1.263,0.464,0.436,128.26,-1.1277441406249995
2,RP,-1.546,-2.115,-0.977,0.278,28.196,-1.1277441406249995
0,Hit,-0.62,-1.586,0.345,0.49,240.461,-1.1177441406249995
1,Miss,-0.373,-1.233,0.487,0.435,131.735,-1.1177441406249995
2,RP,-1.456,-2.018,-0.893,0.275,28.588,-1.1177441406249995
0,Hit,-0.715,-1.676,0.247,0.488,239.353,-1.1077441406249997
1,Miss,-0.382,-1.238,0.474,0.433,129.966,-1.1077441406249997
2,RP,-1.451,-2.008,-0.893,0.272,27.932,-1.1077441406249997
0,Hit,-0.862,-1.805,0.08,0.479,276.154,-1.0977441406249997
1,Miss,-0.381,-1.212,0.45,0.42,141.024,-1.0977441406249997
2,RP,-1.425,-1.947,-0.903,0.255,28.639,-1.0977441406249997
0,Hit,-0.977,-1.902,-0.052,0.47,316.925,-1.0877441406249997
1,Miss,-0.207,-1.018,0.604,0.41,154.897,-1.0877441406249997
2,RP,-1.275,-1.769,-0.78,0.242,30.571,-1.0877441406249997
0,Hit,-0.9,-1.83,0.031,0.473,319.45,-1.0777441406249997
1,Miss,-0.123,-0.939,0.693,0.413,157.098,-1.0777441406249997
2,RP,-1.3,-1.799,-0.801,0.245,31.119,-1.0777441406249997
0,Hit,-0.716,-1.658,0.226,0.479,307.083,-1.0677441406249994
1,Miss,-0.193,-1.021,0.635,0.419,153.952,-1.0677441406249994
2,RP,-1.512,-2.025,-1.0,0.251,30.862,-1.0677441406249994
0,Hit,-0.631,-1.586,0.323,0.485,280.43,-1.0577441406249997
1,Miss,-0.249,-1.092,0.594,0.427,145.778,-1.0577441406249997
2,RP,-1.671,-2.204,-1.137,0.261,30.036,-1.0577441406249997
0,Hit,-0.714,-1.687,0.259,0.494,254.693,-1.0477441406249994
1,Miss,-0.456,-1.321,0.409,0.437,137.93,-1.0477441406249994
2,RP,-1.742,-2.303,-1.181,0.274,29.552,-1.0477441406249994
0,Hit,-0.883,-1.861,0.095,0.497,253.44,-1.0377441406249996
1,Miss,-0.692,-1.562,0.178,0.44,138.12,-1.0377441406249996
2,RP,-1.746,-2.312,-1.18,0.277,29.793,-1.0377441406249996
0,Hit,-0.984,-1.989,0.021,0.51,212.918,-1.0277441406249994
1,Miss,-0.634,-1.535,0.268,0.455,122.742,-1.0277441406249994
2,RP,-1.709,-2.318,-1.101,0.297,28.416,-1.0277441406249994
0,Hit,-1.009,-2.024,0.005,0.515,210.739,-1.0177441406249996
1,Miss,-0.458,-1.368,0.452,0.46,121.338,-1.0177441406249996
2,RP,-1.717,-2.332,-1.103,0.3,28.046,-1.0177441406249996
0,Hit,-0.978,-1.979,0.024,0.508,237.659,-1.0077441406249994
1,Miss,-0.327,-1.218,0.565,0.451,129.98,-1.0077441406249994
2,RP,-1.759,-2.342,-1.176,0.285,28.157,-1.0077441406249994
0,Hit,-0.777,-1.782,0.228,0.51,228.818,-0.9977441406249996
1,Miss,-0.225,-1.122,0.672,0.453,126.779,-0.9977441406249996
2,RP,-1.75,-2.341,-1.158,0.289,27.88,-0.9977441406249996
0,Hit,-0.71,-1.708,0.287,0.506,236.979,-0.9877441406249998
1,Miss,-0.032,-0.921,0.857,0.449,130.521,-0.9877441406249998
2,RP,-1.725,-2.309,-1.142,0.285,28.498,-0.9877441406249998
0,Hit,-1.008,-2.011,-0.004,0.509,232.648,-0.9777441406249996
1,Miss,0.218,-0.677,1.113,0.452,129.084,-0.9777441406249996
2,RP,-1.752,-2.342,-1.162,0.288,28.431,-0.9777441406249996
0,Hit,-1.232,-2.245,-0.219,0.514,216.348,-0.9677441406249998
1,Miss,-0.021,-0.928,0.886,0.458,122.762,-0.9677441406249998
2,RP,-1.826,-2.433,-1.219,0.296,27.817,-0.9677441406249998
0,Hit,-1.148,-2.191,-0.105,0.529,184.682,-0.9577441406249996
1,Miss,-0.417,-1.359,0.524,0.475,110.591,-0.9577441406249996
2,RP,-1.933,-2.586,-1.281,0.318,27.149,-0.9577441406249996
0,Hit,-1.05,-2.083,-0.016,0.524,206.112,-0.9477441406249998
1,Miss,-0.404,-1.333,0.524,0.469,119.845,-0.9477441406249998
2,RP,-1.926,-2.556,-1.295,0.308,28.095,-0.9477441406249998
0,Hit,-1.171,-2.181,-0.16,0.513,246.249,-0.9377441406249996
1,Miss,-0.358,-1.258,0.542,0.455,135.483,-0.9377441406249996
2,RP,-1.942,-2.531,-1.353,0.288,29.539,-0.9377441406249996
0,Hit,-1.256,-2.266,-0.247,0.513,263.658,-0.9277441406249998
1,Miss,-0.479,-1.375,0.418,0.454,141.736,-0.9277441406249998
2,RP,-2.1,-2.679,-1.522,0.283,30.133,-0.9277441406249998
0,Hit,-1.128,-2.155,-0.101,0.521,251.518,-0.9177441406249996
1,Miss,-0.453,-1.366,0.461,0.462,137.067,-0.9177441406249996
2,RP,-2.087,-2.681,-1.492,0.291,29.566,-0.9177441406249996
0,Hit,-1.012,-2.06,0.036,0.532,224.555,-0.9077441406249998
1,Miss,-0.354,-1.291,0.583,0.474,126.855,-0.9077441406249998
2,RP,-1.953,-2.578,-1.328,0.305,28.572,-0.9077441406249998
0,Hit,-1.062,-2.119,-0.005,0.536,209.172,-0.8977441406249995
1,Miss,-0.236,-1.184,0.713,0.479,120.806,-0.8977441406249995
2,RP,-2.006,-2.648,-1.365,0.313,28.045,-0.8977441406249995
0,Hit,-1.291,-2.339,-0.243,0.532,224.059,-0.8877441406249997
1,Miss,0.018,-0.919,0.955,0.474,126.412,-0.8877441406249997
2,RP,-2.076,-2.701,-1.452,0.305,28.426,-0.8877441406249997
0,Hit,-1.49,-2.531,-0.449,0.528,240.603,-0.8777441406249995
1,Miss,0.027,-0.901,0.954,0.469,132.037,-0.8777441406249995
2,RP,-2.054,-2.661,-1.447,0.297,28.708,-0.8777441406249995
0,Hit,-1.513,-2.55,-0.476,0.526,243.524,-0.8677441406249997
1,Miss,-0.373,-1.295,0.55,0.466,132.491,-0.8677441406249997
2,RP,-2.038,-2.639,-1.437,0.294,28.533,-0.8677441406249997
0,Hit,-1.425,-2.462,-0.387,0.527,247.31,-0.8577441406249995
1,Miss,-0.563,-1.485,0.36,0.466,133.497,-0.8577441406249995
2,RP,-1.939,-2.538,-1.341,0.292,28.509,-0.8577441406249995
0,Hit,-1.318,-2.352,-0.284,0.525,261.439,-0.8477441406249997
1,Miss,-0.359,-1.275,0.557,0.463,138.236,-0.8477441406249997
2,RP,-1.848,-2.434,-1.261,0.287,28.919,-0.8477441406249997
0,Hit,-1.327,-2.358,-0.296,0.524,258.246,-0.8377441406249995
1,Miss,-0.372,-1.287,0.542,0.462,136.79,-0.8377441406249995
2,RP,-1.909,-2.495,-1.323,0.286,28.666,-0.8377441406249995
0,Hit,-1.409,-2.458,-0.36,0.532,225.86,-0.8277441406249997
1,Miss,-0.664,-1.6,0.272,0.473,125.093,-0.8277441406249997
2,RP,-1.982,-2.599,-1.364,0.301,27.499,-0.8277441406249997
0,Hit,-1.411,-2.474,-0.348,0.539,219.723,-0.8177441406249994
1,Miss,-0.655,-1.605,0.296,0.48,123.593,-0.8177441406249994
2,RP,-1.975,-2.608,-1.342,0.309,27.691,-0.8177441406249994
0,Hit,-1.354,-2.404,-0.304,0.533,250.051,-0.8077441406249997
1,Miss,-0.419,-1.354,0.515,0.472,136.182,-0.8077441406249997
2,RP,-1.928,-2.536,-1.32,0.297,29.356,-0.8077441406249997
0,Hit,-1.322,-2.367,-0.277,0.531,263.014,-0.7977441406249994
1,Miss,-0.275,-1.202,0.653,0.469,140.989,-0.7977441406249994
2,RP,-1.949,-2.546,-1.351,0.292,29.889,-0.7977441406249994
0,Hit,-1.335,-2.403,-0.268,0.542,231.615,-0.7877441406249996
1,Miss,-0.116,-1.069,0.837,0.482,128.99,-0.7877441406249996
2,RP,-2.054,-2.684,-1.424,0.308,28.537,-0.7877441406249996
0,Hit,-1.417,-2.481,-0.353,0.54,244.802,-0.7777441406249994
1,Miss,-0.239,-1.185,0.708,0.479,133.172,-0.7777441406249994
2,RP,-2.034,-2.65,-1.417,0.301,28.676,-0.7777441406249994
0,Hit,-1.402,-2.438,-0.367,0.526,299.274,-0.7677441406249996
1,Miss,-0.672,-1.582,0.238,0.461,149.855,-0.7677441406249996
2,RP,-1.938,-2.502,-1.375,0.276,30.012,-0.7677441406249996
0,Hit,-1.283,-2.314,-0.251,0.524,306.042,-0.7577441406249994
1,Miss,-0.713,-1.618,0.192,0.458,150.915,-0.7577441406249994
2,RP,-1.921,-2.477,-1.366,0.272,29.932,-0.7577441406249994
0,Hit,-1.413,-2.434,-0.392,0.519,335.354,-0.7477441406249996
1,Miss,-0.44,-1.331,0.45,0.451,158.674,-0.7477441406249996
2,RP,-1.916,-2.449,-1.383,0.261,30.839,-0.7477441406249996
0,Hit,-1.767,-2.766,-0.769,0.508,377.392,-0.7377441406249998
1,Miss,-0.409,-1.271,0.453,0.437,167.847,-0.7377441406249998
2,RP,-1.876,-2.372,-1.38,0.244,32.15,-0.7377441406249998
0,Hit,-1.851,-2.867,-0.835,0.517,350.755,-0.7277441406249996
1,Miss,-0.462,-1.346,0.422,0.448,164.297,-0.7277441406249996
2,RP,-1.831,-2.357,-1.306,0.258,31.831,-0.7277441406249996
0,Hit,-1.666,-2.706,-0.626,0.528,307.564,-0.7177441406249998
1,Miss,-0.502,-1.415,0.411,0.462,152.513,-0.7177441406249998
2,RP,-1.856,-2.418,-1.294,0.275,30.355,-0.7177441406249998
0,Hit,-1.662,-2.709,-0.614,0.532,284.21,-0.7077441406249996
1,Miss,-0.535,-1.458,0.387,0.467,143.384,-0.7077441406249996
2,RP,-1.94,-2.515,-1.365,0.281,28.859,-0.7077441406249996
0,Hit,-1.687,-2.754,-0.62,0.542,250.705,-0.6977441406249998
1,Miss,-0.329,-1.276,0.618,0.479,133.408,-0.6977441406249998
2,RP,-1.991,-2.6,-1.382,0.297,28.082,-0.6977441406249998
0,Hit,-1.631,-2.725,-0.537,0.555,215.735,-0.6877441406249996
1,Miss,-0.21,-1.189,0.769,0.495,122.267,-0.6877441406249996
2,RP,-2.02,-2.675,-1.365,0.32,27.663,-0.6877441406249996
0,Hit,-1.625,-2.73,-0.519,0.561,207.112,-0.6777441406249998
1,Miss,-0.413,-1.405,0.579,0.501,119.478,-0.6777441406249998
2,RP,-2.106,-2.776,-1.435,0.327,27.695,-0.6777441406249998
0,Hit,-1.519,-2.63,-0.409,0.563,209.905,-0.6677441406249995
1,Miss,-0.615,-1.611,0.381,0.503,120.837,-0.6677441406249995
2,RP,-2.18,-2.853,-1.508,0.328,27.925,-0.6677441406249995
0,Hit,-1.44,-2.562,-0.318,0.569,207.145,-0.6577441406249998
1,Miss,-0.62,-1.628,0.387,0.509,119.928,-0.6577441406249998
2,RP,-2.153,-2.836,-1.471,0.333,27.94,-0.6577441406249998
0,Hit,-1.556,-2.682,-0.429,0.571,209.982,-0.6477441406249995
1,Miss,-0.616,-1.626,0.395,0.51,121.031,-0.6477441406249995
2,RP,-2.141,-2.824,-1.458,0.333,28.018,-0.6477441406249995
0,Hit,-1.572,-2.695,-0.45,0.569,218.632,-0.6377441406249997
1,Miss,-0.817,-1.822,0.188,0.508,124.531,-0.6377441406249997
2,RP,-2.146,-2.819,-1.472,0.329,28.357,-0.6377441406249997
0,Hit,-1.488,-2.615,-0.361,0.572,215.586,-0.6277441406249995
1,Miss,-1.082,-2.092,-0.072,0.51,123.519,-0.6277441406249995
2,RP,-2.152,-2.831,-1.473,0.332,28.353,-0.6277441406249995
0,Hit,-1.581,-2.708,-0.454,0.572,213.748,-0.6177441406249997
1,Miss,-1.132,-2.142,-0.121,0.51,122.685,-0.6177441406249997
2,RP,-2.278,-2.958,-1.598,0.332,28.232,-0.6177441406249997
0,Hit,-1.681,-2.805,-0.557,0.57,215.918,-0.6077441406249995
1,Miss,-0.898,-1.906,0.109,0.509,123.674,-0.6077441406249995
2,RP,-2.387,-3.064,-1.709,0.331,28.376,-0.6077441406249995
0,Hit,-1.625,-2.757,-0.493,0.574,205.868,-0.5977441406249997
1,Miss,-0.658,-1.676,0.359,0.514,119.799,-0.5977441406249997
2,RP,-2.407,-3.098,-1.715,0.337,28.116,-0.5977441406249997
0,Hit,-1.5,-2.636,-0.364,0.576,209.25,-0.5877441406249995
1,Miss,-0.743,-1.762,0.276,0.515,120.836,-0.5877441406249995
2,RP,-2.493,-3.182,-1.804,0.337,28.047,-0.5877441406249995
0,Hit,-1.448,-2.583,-0.313,0.576,215.432,-0.5777441406249997
1,Miss,-0.868,-1.886,0.15,0.514,124.011,-0.5777441406249997
2,RP,-2.505,-3.191,-1.819,0.335,28.649,-0.5777441406249997
0,Hit,-1.491,-2.64,-0.343,0.582,185.293,-0.5677441406249994
1,Miss,-0.62,-1.658,0.418,0.524,112.101,-0.5677441406249994
2,RP,-2.371,-3.094,-1.648,0.353,27.987,-0.5677441406249994
0,Hit,-1.447,-2.603,-0.291,0.586,170.176,-0.5577441406249997
1,Miss,-0.318,-1.366,0.73,0.529,105.15,-0.5577441406249997
2,RP,-2.28,-3.022,-1.538,0.362,27.263,-0.5577441406249997
0,Hit,-1.288,-2.415,-0.161,0.572,207.457,-0.5477441406249994
1,Miss,-0.359,-1.371,0.654,0.511,120.683,-0.5477441406249994
2,RP,-2.254,-2.942,-1.567,0.336,28.308,-0.5477441406249994
0,Hit,-1.254,-2.357,-0.152,0.56,255.808,-0.5377441406249996
1,Miss,-0.609,-1.589,0.372,0.496,138.967,-0.5377441406249996
2,RP,-2.251,-2.887,-1.614,0.312,29.872,-0.5377441406249996
0,Hit,-1.578,-2.705,-0.45,0.572,227.191,-0.5277441406249994
1,Miss,-0.613,-1.621,0.395,0.51,128.332,-0.5277441406249994
2,RP,-2.282,-2.954,-1.611,0.328,28.898,-0.5277441406249994
0,Hit,-1.945,-3.116,-0.775,0.593,178.697,-0.5177441406249996
1,Miss,-0.35,-1.409,0.709,0.534,108.464,-0.5177441406249996
2,RP,-2.359,-3.099,-1.619,0.361,27.241,-0.5177441406249996
0,Hit,-2.04,-3.236,-0.844,0.606,166.641,-0.5077441406249994
1,Miss,-0.334,-1.419,0.751,0.547,103.235,-0.5077441406249994
2,RP,-2.49,-3.259,-1.72,0.375,26.901,-0.5077441406249994
0,Hit,-2.059,-3.272,-0.846,0.614,158.042,-0.4977441406249996
1,Miss,-0.525,-1.628,0.579,0.556,99.422,-0.4977441406249996
2,RP,-2.618,-3.409,-1.827,0.385,26.681,-0.4977441406249996
0,Hit,-2.039,-3.277,-0.802,0.626,139.364,-0.4877441406249998
1,Miss,-0.525,-1.657,0.606,0.57,90.546,-0.4877441406249998
2,RP,-2.638,-3.469,-1.807,0.404,25.982,-0.4877441406249998
0,Hit,-1.841,-3.077,-0.604,0.625,135.261,-0.4777441406249996
1,Miss,-0.33,-1.462,0.803,0.57,88.506,-0.4777441406249996
2,RP,-2.67,-3.506,-1.834,0.407,25.796,-0.4777441406249996
0,Hit,-1.624,-2.846,-0.401,0.619,141.167,-0.4677441406249998
1,Miss,-0.26,-1.378,0.857,0.563,91.398,-0.4677441406249998
2,RP,-2.777,-3.596,-1.959,0.398,26.029,-0.4677441406249998
0,Hit,-1.696,-2.921,-0.471,0.62,141.644,-0.4577441406249996
1,Miss,-0.44,-1.56,0.679,0.564,91.531,-0.4577441406249996
2,RP,-2.832,-3.651,-2.013,0.398,25.961,-0.4577441406249996
0,Hit,-1.857,-3.082,-0.632,0.62,140.887,-0.4477441406249998
1,Miss,-0.529,-1.648,0.591,0.564,91.082,-0.4477441406249998
2,RP,-2.866,-3.685,-2.047,0.398,25.859,-0.4477441406249998
0,Hit,-1.823,-3.029,-0.618,0.61,148.623,-0.4377441406249996
1,Miss,-0.488,-1.587,0.611,0.554,94.737,-0.4377441406249996
2,RP,-2.844,-3.639,-2.048,0.387,26.111,-0.4377441406249996
0,Hit,-1.763,-2.951,-0.576,0.601,163.604,-0.42774414062499977
1,Miss,-0.635,-1.713,0.443,0.543,101.564,-0.42774414062499977
2,RP,-2.697,-3.463,-1.931,0.373,26.572,-0.42774414062499977
0,Hit,-1.755,-2.936,-0.574,0.598,173.718,-0.4177441406249995
1,Miss,-0.864,-1.933,0.205,0.539,106.099,-0.4177441406249995
2,RP,-2.613,-3.364,-1.862,0.366,26.942,-0.4177441406249995
0,Hit,-1.882,-3.053,-0.712,0.593,182.305,-0.40774414062499975
1,Miss,-0.95,-2.008,0.107,0.534,109.969,-0.40774414062499975
2,RP,-2.681,-3.417,-1.945,0.359,27.326,-0.40774414062499975
0,Hit,-2.063,-3.236,-0.89,0.595,179.806,-0.3977441406249995
1,Miss,-0.931,-1.992,0.129,0.535,108.531,-0.3977441406249995
2,RP,-2.784,-3.523,-2.045,0.36,27.002,-0.3977441406249995
0,Hit,-1.955,-3.148,-0.761,0.604,167.048,-0.3877441406249997
1,Miss,-0.872,-1.953,0.21,0.545,102.716,-0.3877441406249997
2,RP,-2.803,-3.567,-2.039,0.372,26.407,-0.3877441406249997
0,Hit,-1.731,-2.931,-0.532,0.608,168.305,-0.3777441406249995
1,Miss,-0.76,-1.848,0.328,0.549,103.713,-0.3777441406249995
2,RP,-2.724,-3.493,-1.955,0.375,26.764,-0.3777441406249995
0,Hit,-1.713,-2.919,-0.507,0.611,166.89,-0.3677441406249997
1,Miss,-0.537,-1.631,0.557,0.552,103.336,-0.3677441406249997
2,RP,-2.649,-3.425,-1.874,0.378,26.901,-0.3677441406249997
0,Hit,-1.741,-2.953,-0.528,0.614,167.139,-0.3577441406249995
1,Miss,-0.381,-1.481,0.719,0.555,103.397,-0.3577441406249995
2,RP,-2.688,-3.467,-1.908,0.38,26.873,-0.3577441406249995
0,Hit,-1.644,-2.865,-0.423,0.618,157.523,-0.3477441406249997
1,Miss,-0.499,-1.609,0.611,0.56,98.867,-0.3477441406249997
2,RP,-2.901,-3.696,-2.106,0.387,26.416,-0.3477441406249997
0,Hit,-1.528,-2.752,-0.304,0.619,147.567,-0.3377441406249995
1,Miss,-0.68,-1.796,0.435,0.562,94.07,-0.3377441406249995
2,RP,-3.088,-3.897,-2.28,0.393,25.933,-0.3377441406249995
0,Hit,-1.605,-2.812,-0.397,0.611,155.293,-0.3277441406249997
1,Miss,-0.665,-1.764,0.434,0.554,97.796,-0.3277441406249997
2,RP,-3.108,-3.897,-2.319,0.384,26.304,-0.3277441406249997
0,Hit,-1.728,-2.922,-0.534,0.605,174.121,-0.31774414062499945
1,Miss,-0.605,-1.685,0.476,0.545,106.344,-0.31774414062499945
2,RP,-3.076,-3.835,-2.317,0.37,27.003,-0.31774414062499945
0,Hit,-1.666,-2.868,-0.465,0.608,160.728,-0.3077441406249997
1,Miss,-0.668,-1.758,0.423,0.55,99.672,-0.3077441406249997
2,RP,-3.11,-3.885,-2.335,0.377,26.032,-0.3077441406249997
0,Hit,-1.707,-2.906,-0.509,0.607,156.108,-0.29774414062499943
1,Miss,-0.658,-1.747,0.432,0.549,97.433,-0.29774414062499943
2,RP,-3.164,-3.942,-2.386,0.378,25.762,-0.29774414062499943
0,Hit,-1.946,-3.133,-0.758,0.602,177.915,-0.28774414062499964
1,Miss,-0.437,-1.511,0.637,0.542,107.946,-0.28774414062499964
2,RP,-3.133,-3.883,-2.382,0.366,27.093,-0.28774414062499964
0,Hit,-2.119,-3.333,-0.906,0.615,163.426,-0.2777441406249994
1,Miss,-0.419,-1.521,0.683,0.556,101.705,-0.2777441406249994
2,RP,-3.089,-3.873,-2.305,0.382,26.731,-0.2777441406249994
0,Hit,-2.246,-3.475,-1.016,0.622,143.669,-0.2677441406249996
1,Miss,-0.715,-1.837,0.408,0.565,92.191,-0.2677441406249996
2,RP,-3.069,-3.886,-2.252,0.397,25.766,-0.2677441406249996
0,Hit,-2.252,-3.468,-1.035,0.616,150.913,-0.2577441406249994
1,Miss,-0.811,-1.919,0.297,0.558,95.812,-0.2577441406249994
2,RP,-2.998,-3.799,-2.198,0.389,26.192,-0.2577441406249994
0,Hit,-2.115,-3.328,-0.901,0.615,162.507,-0.2477441406249996
1,Miss,-0.781,-1.883,0.322,0.556,101.535,-0.2477441406249996
2,RP,-2.939,-3.725,-2.152,0.383,26.887,-0.2477441406249996
0,Hit,-2.053,-3.275,-0.831,0.619,162.415,-0.23774414062499985
1,Miss,-0.993,-2.104,0.117,0.56,101.577,-0.23774414062499985
2,RP,-2.948,-3.741,-2.156,0.386,26.948,-0.23774414062499985
0,Hit,-2.059,-3.286,-0.832,0.621,153.959,-0.2277441406249996
1,Miss,-1.211,-2.328,-0.094,0.563,97.541,-0.2277441406249996
2,RP,-2.998,-3.803,-2.193,0.392,26.547,-0.2277441406249996
0,Hit,-2.104,-3.34,-0.868,0.625,138.218,-0.2177441406249998
1,Miss,-1.075,-2.205,0.055,0.569,89.721,-0.2177441406249998
2,RP,-3.092,-3.921,-2.262,0.403,25.698,-0.2177441406249998
0,Hit,-2.115,-3.35,-0.88,0.625,137.456,-0.2077441406249996
1,Miss,-0.788,-1.918,0.341,0.568,89.157,-0.2077441406249996
2,RP,-3.112,-3.941,-2.283,0.403,25.496,-0.2077441406249996
0,Hit,-2.016,-3.238,-0.794,0.619,156.051,-0.1977441406249998
1,Miss,-0.522,-1.633,0.589,0.56,98.071,-0.1977441406249998
2,RP,-3.011,-3.808,-2.215,0.388,26.272,-0.1977441406249998
0,Hit,-2.026,-3.244,-0.808,0.617,168.056,-0.1877441406249996
1,Miss,-0.316,-1.42,0.789,0.557,103.559,-0.1877441406249996
2,RP,-2.978,-3.759,-2.198,0.38,26.724,-0.1877441406249996
0,Hit,-2.071,-3.295,-0.848,0.619,161.228,-0.17774414062499974
1,Miss,-0.396,-1.508,0.715,0.56,100.426,-0.17774414062499974
2,RP,-3.053,-3.844,-2.261,0.385,26.443,-0.17774414062499974
0,Hit,-1.978,-3.199,-0.756,0.618,160.284,-0.16774414062499954
1,Miss,-0.669,-1.779,0.44,0.559,100.022,-0.16774414062499954
2,RP,-3.108,-3.9,-2.317,0.385,26.429,-0.16774414062499954
0,Hit,-1.953,-3.162,-0.743,0.613,167.889,-0.15774414062499975
1,Miss,-0.797,-1.893,0.3,0.553,103.297,-0.15774414062499975
2,RP,-3.092,-3.866,-2.317,0.377,26.583,-0.15774414062499975
0,Hit,-2.028,-3.209,-0.847,0.599,184.711,-0.14774414062499952
1,Miss,-0.877,-1.942,0.189,0.538,110.246,-0.14774414062499952
2,RP,-3.079,-3.816,-2.341,0.359,26.922,-0.14774414062499952
0,Hit,-2.08,-3.238,-0.923,0.587,210.556,-0.13774414062499973
1,Miss,-0.99,-2.028,0.048,0.524,121.222,-0.13774414062499973
2,RP,-3.167,-3.868,-2.467,0.342,28.017,-0.13774414062499973
0,Hit,-1.998,-3.158,-0.837,0.589,208.243,-0.1277441406249995
1,Miss,-0.87,-1.913,0.172,0.527,121.206,-0.1277441406249995
2,RP,-3.236,-3.944,-2.528,0.346,28.451,-0.1277441406249995
0,Hit,-1.801,-2.991,-0.611,0.603,168.895,-0.11774414062499973
1,Miss,-0.714,-1.793,0.364,0.544,103.873,-0.11774414062499973
2,RP,-3.218,-3.98,-2.457,0.371,26.71,-0.11774414062499973
0,Hit,-1.758,-2.962,-0.555,0.609,154.991,-0.10774414062499947
1,Miss,-0.715,-1.808,0.379,0.551,96.766,-0.10774414062499947
2,RP,-3.253,-4.035,-2.471,0.38,25.603,-0.10774414062499947
0,Hit,-1.835,-3.03,-0.639,0.605,164.114,-0.0977441406249997
1,Miss,-0.586,-1.669,0.497,0.546,100.781,-0.0977441406249997
2,RP,-3.274,-4.039,-2.509,0.372,25.855,-0.0977441406249997
0,Hit,-1.708,-2.897,-0.519,0.602,169.024,-0.08774414062499948
1,Miss,-0.432,-1.508,0.645,0.543,103.291,-0.08774414062499948
2,RP,-3.227,-3.984,-2.469,0.369,26.263,-0.08774414062499948
0,Hit,-1.652,-2.848,-0.457,0.605,152.692,-0.07774414062499968
1,Miss,-0.594,-1.681,0.493,0.548,95.717,-0.07774414062499968
2,RP,-3.279,-4.059,-2.5,0.379,25.525,-0.07774414062499968
0,Hit,-2.005,-3.22,-0.79,0.615,145.205,-0.06774414062499945
1,Miss,-0.778,-1.886,0.329,0.558,92.351,-0.06774414062499945
2,RP,-3.338,-4.14,-2.536,0.39,25.347,-0.06774414062499945
0,Hit,-2.189,-3.413,-0.965,0.619,145.869,-0.05774414062499966
1,Miss,-0.706,-1.823,0.41,0.562,93.131,-0.05774414062499966
2,RP,-3.326,-4.136,-2.516,0.394,25.757,-0.05774414062499966
0,Hit,-1.965,-3.187,-0.744,0.618,146.448,-0.04774414062499943
1,Miss,-0.706,-1.82,0.408,0.561,93.49,-0.04774414062499943
2,RP,-3.485,-4.293,-2.677,0.393,25.85,-0.04774414062499943
0,Hit,-1.845,-3.081,-0.608,0.625,140.154,-0.03774414062499965
1,Miss,-0.808,-1.937,0.322,0.569,90.352,-0.03774414062499965
2,RP,-3.777,-4.603,-2.952,0.401,25.502,-0.03774414062499965
0,Hit,-1.979,-3.259,-0.699,0.646,121.873,-0.027744140624999414
1,Miss,-0.738,-1.914,0.438,0.591,81.262,-0.027744140624999414
2,RP,-3.933,-4.814,-3.051,0.428,24.735,-0.027744140624999414
0,Hit,-2.237,-3.533,-0.942,0.654,113.224,-0.017744140624999627
1,Miss,-0.587,-1.782,0.607,0.6,76.823,-0.017744140624999627
2,RP,-3.994,-4.902,-3.087,0.44,24.384,-0.017744140624999627
0,Hit,-2.384,-3.65,-1.118,0.64,124.685,-0.007744140624999395
1,Miss,-0.582,-1.745,0.581,0.585,82.767,-0.007744140624999395
2,RP,-4.12,-4.989,-3.252,0.422,24.932,-0.007744140624999395
0,Hit,-2.139,-3.373,-0.905,0.624,142.856,0.0022558593750003912
1,Miss,-0.734,-1.861,0.392,0.567,91.813,0.0022558593750003912
2,RP,-4.175,-4.996,-3.354,0.399,25.745,0.0022558593750003912
0,Hit,-1.765,-2.999,-0.53,0.625,144.005,0.012255859375000178
1,Miss,-0.774,-1.901,0.353,0.568,92.465,0.012255859375000178
2,RP,-4.028,-4.849,-3.207,0.399,25.875,0.012255859375000178
0,Hit,-1.822,-3.056,-0.589,0.624,145.453,0.02225585937500041
1,Miss,-0.714,-1.84,0.412,0.567,93.33,0.02225585937500041
2,RP,-4.115,-4.934,-3.295,0.399,26.077,0.02225585937500041
0,Hit,-2.088,-3.318,-0.858,0.623,150.461,0.032255859375000195
1,Miss,-0.823,-1.944,0.298,0.565,95.686,0.032255859375000195
2,RP,-4.531,-5.341,-3.72,0.394,26.246,0.032255859375000195
0,Hit,-2.186,-3.415,-0.958,0.622,152.071,0.042255859375000426
1,Miss,-0.933,-2.052,0.187,0.564,96.454,0.042255859375000426
2,RP,-4.199,-5.007,-3.392,0.393,26.314,0.042255859375000426
0,Hit,-2.414,-3.616,-1.212,0.609,170.766,0.05225585937500021
1,Miss,-0.957,-2.046,0.133,0.55,105.278,0.05225585937500021
2,RP,-3.143,-3.913,-2.373,0.375,27.185,0.05225585937500021
0,Hit,-2.579,-3.741,-1.418,0.589,208.388,0.06225585937500045
1,Miss,-0.966,-2.008,0.077,0.527,120.656,0.06225585937500045
2,RP,-2.775,-3.481,-2.069,0.345,28.111,0.06225585937500045
0,Hit,-2.533,-3.677,-1.388,0.581,228.364,0.07225585937500023
1,Miss,-0.939,-1.96,0.083,0.516,126.842,0.07225585937500023
2,RP,-2.861,-3.535,-2.186,0.329,27.976,0.07225585937500023
0,Hit,-2.794,-3.95,-1.637,0.587,222.812,0.08225585937500046
1,Miss,-0.96,-1.995,0.075,0.523,126.004,0.08225585937500046
2,RP,-2.278,-2.968,-1.588,0.337,28.421,0.08225585937500046
0,Hit,-2.775,-3.926,-1.623,0.585,240.043,0.09225585937500023
1,Miss,-0.806,-1.833,0.221,0.519,133.095,0.09225585937500023
2,RP,-1.313,-1.989,-0.638,0.331,29.284,0.09225585937500023
0,Hit,-2.0,-3.136,-0.864,0.577,262.053,0.10225585937500048
1,Miss,-0.522,-1.529,0.485,0.509,139.462,0.10225585937500048
2,RP,-0.72,-1.366,-0.073,0.316,29.356,0.10225585937500048
0,Hit,-1.987,-3.129,-0.844,0.58,239.721,0.11225585937500028
1,Miss,-0.971,-1.989,0.047,0.514,131.664,0.11225585937500028
2,RP,-0.461,-1.128,0.205,0.326,28.655,0.11225585937500028
0,Hit,-3.613,-4.776,-2.45,0.59,221.039,0.1222558593750005
1,Miss,-2.557,-3.599,-1.515,0.527,126.686,0.1222558593750005
2,RP,-0.094,-0.794,0.606,0.342,29.086,0.1222558593750005
0,Hit,-5.722,-6.898,-4.546,0.597,208.556,0.13225585937500028
1,Miss,-4.723,-5.781,-3.665,0.534,122.385,0.13225585937500028
2,RP,0.434,-0.287,1.156,0.353,29.075,0.13225585937500028
0,Hit,-7.329,-8.551,-6.106,0.619,172.443,0.14225585937500052
1,Miss,-6.43,-7.539,-5.322,0.559,106.667,0.14225585937500052
2,RP,0.744,-0.04,1.528,0.383,27.706,0.14225585937500052
0,Hit,-8.225,-9.496,-6.955,0.642,139.585,0.1522558593750003
1,Miss,-6.892,-8.054,-5.73,0.585,91.039,0.1522558593750003
2,RP,0.72,-0.136,1.575,0.416,26.339,0.1522558593750003
0,Hit,-8.217,-9.502,-6.932,0.649,132.72,0.16225585937500053
1,Miss,-6.306,-7.484,-5.128,0.593,87.499,0.16225585937500053
2,RP,0.525,-0.349,1.399,0.425,25.935,0.16225585937500053
0,Hit,-7.576,-8.917,-6.235,0.676,104.757,0.17225585937500032
1,Miss,-5.238,-6.48,-3.997,0.623,72.76,0.17225585937500032
2,RP,0.276,-0.684,1.235,0.465,24.493,0.17225585937500032
0,Hit,-6.245,-7.669,-4.822,0.715,79.374,0.18225585937500052
1,Miss,-3.47,-4.804,-2.136,0.666,58.515,0.18225585937500052
2,RP,0.008,-1.073,1.089,0.523,23.213,0.18225585937500052
0,Hit,-3.937,-5.392,-2.482,0.73,71.473,0.19225585937500034
1,Miss,-0.914,-2.283,0.455,0.683,53.875,0.19225585937500034
2,RP,-0.325,-1.455,0.804,0.546,22.818,0.19225585937500034
0,Hit,-1.453,-2.885,-0.022,0.718,73.075,0.20225585937500054
1,Miss,1.546,0.2,2.892,0.672,54.787,0.20225585937500054
2,RP,-0.612,-1.718,0.494,0.534,22.838,0.20225585937500054
0,Hit,0.313,-1.132,1.758,0.725,70.709,0.2122558593750004
1,Miss,3.32,1.959,4.68,0.678,53.27,0.2122558593750004
2,RP,-0.754,-1.877,0.368,0.542,22.528,0.2122558593750004
0,Hit,1.372,-0.159,2.904,0.766,60.508,0.2222558593750006
1,Miss,4.332,2.881,5.784,0.722,47.007,0.2222558593750006
2,RP,-0.866,-2.093,0.361,0.591,21.82,0.2222558593750006
0,Hit,2.127,0.534,3.719,0.795,55.336,0.2322558593750004
1,Miss,4.494,2.979,6.01,0.752,43.785,0.2322558593750004
2,RP,-1.028,-2.328,0.271,0.626,21.513,0.2322558593750004
0,Hit,2.91,1.315,4.504,0.796,55.748,0.2422558593750006
1,Miss,4.339,2.822,5.855,0.752,44.055,0.2422558593750006
2,RP,-1.156,-2.456,0.143,0.626,21.561,0.2422558593750006
0,Hit,3.974,2.41,5.539,0.782,58.615,0.2522558593750004
1,Miss,4.494,3.009,5.978,0.737,45.842,0.2522558593750004
2,RP,-1.25,-2.512,0.012,0.608,21.723,0.2522558593750004
0,Hit,5.295,3.684,6.905,0.803,53.957,0.2622558593750002
1,Miss,4.846,3.312,6.381,0.761,42.913,0.2622558593750002
2,RP,-1.406,-2.727,-0.085,0.636,21.423,0.2622558593750002
0,Hit,6.547,4.852,8.243,0.843,47.425,0.2722558593750004
1,Miss,5.179,3.554,6.804,0.803,38.731,0.2722558593750004
2,RP,-1.445,-2.873,-0.018,0.687,21.014,0.2722558593750004
0,Hit,7.399,5.73,9.067,0.83,48.387,0.2822558593750002
1,Miss,5.27,3.673,6.866,0.79,39.33,0.2822558593750002
2,RP,-1.239,-2.637,0.159,0.672,21.021,0.2822558593750002
0,Hit,7.711,6.098,9.325,0.804,51.568,0.2922558593750004
1,Miss,4.953,3.414,6.493,0.762,41.326,0.2922558593750004
2,RP,-0.967,-2.301,0.366,0.642,21.129,0.2922558593750004
0,Hit,7.648,6.089,9.207,0.778,56.128,0.3022558593750002
1,Miss,4.329,2.847,5.811,0.735,44.182,0.3022558593750002
2,RP,-0.719,-1.985,0.547,0.609,21.362,0.3022558593750002
0,Hit,7.462,5.97,8.954,0.747,62.422,0.31225585937500044
1,Miss,3.614,2.203,5.026,0.702,48.073,0.31225585937500044
2,RP,-0.444,-1.63,0.741,0.571,21.729,0.31225585937500044
0,Hit,7.142,5.659,8.626,0.742,63.138,0.32225585937500023
1,Miss,3.034,1.631,4.436,0.698,48.49,0.32225585937500023
2,RP,-0.209,-1.384,0.967,0.566,21.733,0.32225585937500023
0,Hit,6.531,5.028,8.035,0.752,60.756,0.3322558593750005
1,Miss,2.609,1.186,4.033,0.708,47.033,0.3322558593750005
2,RP,-0.079,-1.28,1.122,0.578,21.599,0.3322558593750005
0,Hit,5.78,4.311,7.249,0.735,63.897,0.34225585937500025
1,Miss,2.201,0.813,3.589,0.691,48.988,0.34225585937500025
2,RP,-0.013,-1.175,1.149,0.56,21.84,0.34225585937500025
0,Hit,5.3,3.873,6.727,0.715,68.922,0.3522558593750005
1,Miss,1.812,0.468,3.156,0.67,52.039,0.3522558593750005
2,RP,-0.044,-1.156,1.067,0.536,22.155,0.3522558593750005
0,Hit,4.865,3.459,6.27,0.705,73.09,0.36225585937500027
1,Miss,1.509,0.189,2.829,0.658,54.437,0.36225585937500027
2,RP,-0.103,-1.182,0.977,0.521,22.256,0.36225585937500027
0,Hit,3.903,2.556,5.25,0.678,84.736,0.3722558593750005
1,Miss,1.055,-0.202,2.311,0.628,60.978,0.3722558593750005
2,RP,-0.065,-1.066,0.936,0.483,22.594,0.3722558593750005
0,Hit,2.662,1.392,3.933,0.641,106.23,0.3822558593750003
1,Miss,0.322,-0.851,1.495,0.589,72.627,0.3822558593750003
2,RP,-0.066,-0.964,0.831,0.435,23.497,0.3822558593750003
0,Hit,1.54,0.325,2.754,0.614,129.661,0.3922558593750005
1,Miss,-0.391,-1.503,0.72,0.559,84.636,0.3922558593750005
2,RP,-0.16,-0.981,0.662,0.398,24.551,0.3922558593750005
0,Hit,0.441,-0.755,1.636,0.605,138.661,0.4022558593750003
1,Miss,-0.934,-2.026,0.158,0.549,89.131,0.4022558593750003
2,RP,-0.226,-1.023,0.571,0.387,25.01,0.4022558593750003
0,Hit,-0.667,-1.861,0.526,0.604,141.216,0.4122558593750005
1,Miss,-1.547,-2.637,-0.457,0.549,90.937,0.4122558593750005
2,RP,-0.266,-1.062,0.53,0.387,25.606,0.4122558593750005
0,Hit,-1.529,-2.715,-0.342,0.601,152.241,0.4222558593750003
1,Miss,-2.226,-3.307,-1.145,0.545,96.892,0.4222558593750003
2,RP,-0.259,-1.04,0.523,0.381,26.614,0.4222558593750003
0,Hit,-1.991,-3.19,-0.791,0.607,145.192,0.43225585937500055
1,Miss,-2.555,-3.65,-1.459,0.552,93.657,0.43225585937500055
2,RP,-0.253,-1.052,0.547,0.389,26.457,0.43225585937500055
0,Hit,-2.263,-3.49,-1.036,0.62,118.849,0.4422558593750003
1,Miss,-2.589,-3.719,-1.458,0.568,80.463,0.4422558593750003
2,RP,-0.302,-1.158,0.554,0.416,25.391,0.4422558593750003
0,Hit,-2.481,-3.725,-1.237,0.627,103.708,0.4522558593750006
1,Miss,-2.522,-3.675,-1.368,0.579,72.526,0.4522558593750006
2,RP,-0.323,-1.218,0.572,0.435,24.85,0.4522558593750006
0,Hit,-2.387,-3.652,-1.122,0.637,93.975,0.4622558593750004
1,Miss,-2.39,-3.568,-1.213,0.59,67.147,0.4622558593750004
2,RP,-0.314,-1.244,0.615,0.451,24.378,0.4622558593750004
0,Hit,-1.921,-3.207,-0.636,0.647,87.719,0.4722558593750006
1,Miss,-2.328,-3.528,-1.127,0.601,63.566,0.4722558593750006
2,RP,-0.317,-1.276,0.641,0.465,24.004,0.4722558593750006
0,Hit,-1.391,-2.7,-0.082,0.658,80.185,0.4822558593750004
1,Miss,-2.135,-3.362,-0.909,0.613,59.143,0.4822558593750004
2,RP,-0.364,-1.358,0.63,0.481,23.494,0.4822558593750004
0,Hit,-0.954,-2.281,0.374,0.666,74.323,0.4922558593750006
1,Miss,-1.78,-3.028,-0.533,0.623,55.627,0.4922558593750006
2,RP,-0.435,-1.458,0.589,0.495,23.067,0.4922558593750006
0,Hit,-0.728,-2.045,0.589,0.662,78.521,0.5022558593750004
1,Miss,-1.777,-3.012,-0.542,0.617,58.122,0.5022558593750004
2,RP,-0.453,-1.457,0.55,0.486,23.331,0.5022558593750004
0,Hit,-0.769,-2.055,0.516,0.647,88.484,0.5122558593750002
1,Miss,-2.019,-3.219,-0.82,0.6,63.962,0.5122558593750002
2,RP,-0.41,-1.367,0.546,0.463,23.987,0.5122558593750002
0,Hit,-0.799,-2.047,0.45,0.629,99.907,0.522255859375
1,Miss,-2.057,-3.216,-0.898,0.581,70.466,0.522255859375
2,RP,-0.501,-1.407,0.405,0.44,24.697,0.522255859375
0,Hit,-0.878,-2.091,0.336,0.612,113.074,0.5322558593750006
1,Miss,-2.164,-3.285,-1.043,0.563,77.662,0.5322558593750006
2,RP,-0.795,-1.652,0.063,0.417,25.396,0.5322558593750006
0,Hit,-1.005,-2.2,0.19,0.604,122.655,0.5422558593750004
1,Miss,-2.363,-3.463,-1.263,0.553,82.625,0.5422558593750004
2,RP,-0.97,-1.799,-0.141,0.403,25.756,0.5422558593750004
0,Hit,-0.895,-2.085,0.295,0.601,121.972,0.5522558593750002
1,Miss,-2.228,-3.323,-1.133,0.551,82.204,0.5522558593750002
2,RP,-0.872,-1.698,-0.046,0.402,25.655,0.5522558593750002
0,Hit,-0.835,-2.025,0.355,0.601,120.888,0.562255859375
1,Miss,-1.944,-3.039,-0.848,0.551,81.656,0.562255859375
2,RP,-0.74,-1.568,0.087,0.402,25.622,0.562255859375
0,Hit,-0.918,-2.112,0.277,0.603,116.19,0.5722558593750007
1,Miss,-1.845,-2.947,-0.744,0.553,79.19,0.5722558593750007
2,RP,-0.753,-1.591,0.086,0.407,25.402,0.5722558593750007
0,Hit,-0.875,-2.076,0.327,0.606,104.371,0.5822558593750005
1,Miss,-1.918,-3.031,-0.805,0.559,72.783,0.5822558593750005
2,RP,-0.789,-1.652,0.073,0.419,24.754,0.5822558593750005
0,Hit,-0.769,-1.963,0.424,0.602,107.278,0.5922558593750002
1,Miss,-2.069,-3.174,-0.965,0.554,74.277,0.5922558593750002
2,RP,-0.86,-1.711,-0.009,0.413,24.799,0.5922558593750002
0,Hit,-0.702,-1.86,0.456,0.585,130.035,0.602255859375
1,Miss,-2.141,-3.203,-1.078,0.535,86.108,0.602255859375
2,RP,-0.917,-1.708,-0.126,0.385,25.783,0.602255859375
0,Hit,-0.712,-1.838,0.413,0.57,155.036,0.6122558593750007
1,Miss,-2.125,-3.151,-1.1,0.517,98.443,0.6122558593750007
2,RP,-0.843,-1.583,-0.104,0.36,26.909,0.6122558593750007
0,Hit,-0.789,-1.893,0.314,0.559,174.866,0.6222558593750005
1,Miss,-2.216,-3.216,-1.216,0.505,108.053,0.6222558593750005
2,RP,-0.831,-1.538,-0.125,0.345,28.008,0.6222558593750005
0,Hit,-0.715,-1.797,0.366,0.548,200.999,0.6322558593750003
1,Miss,-2.349,-3.325,-1.374,0.493,120.128,0.6322558593750003
2,RP,-0.861,-1.534,-0.189,0.329,29.369,0.6322558593750003
0,Hit,-0.567,-1.639,0.505,0.544,201.454,0.6422558593750001
1,Miss,-2.346,-3.313,-1.38,0.488,120.228,0.6422558593750001
2,RP,-0.888,-1.554,-0.222,0.326,29.326,0.6422558593750001
0,Hit,-0.551,-1.624,0.522,0.544,198.723,0.6522558593750007
1,Miss,-2.305,-3.272,-1.337,0.489,118.723,0.6522558593750007
2,RP,-1.006,-1.673,-0.338,0.326,29.011,0.6522558593750007
0,Hit,-0.45,-1.53,0.63,0.547,189.064,0.6622558593750005
1,Miss,-2.375,-3.35,-1.399,0.493,114.369,0.6622558593750005
2,RP,-1.046,-1.725,-0.367,0.332,28.541,0.6622558593750005
0,Hit,-0.244,-1.319,0.831,0.545,181.675,0.6722558593750003
1,Miss,-2.479,-3.453,-1.506,0.491,111.028,0.6722558593750003
2,RP,-0.997,-1.68,-0.315,0.333,28.208,0.6722558593750003
0,Hit,-0.279,-1.368,0.809,0.552,169.726,0.6822558593750001
1,Miss,-2.407,-3.395,-1.418,0.498,105.581,0.6822558593750001
2,RP,-0.972,-1.674,-0.27,0.342,27.715,0.6822558593750001
0,Hit,-0.46,-1.566,0.647,0.56,155.31,0.6922558593750008
1,Miss,-2.205,-3.213,-1.197,0.508,98.793,0.6922558593750008
2,RP,-0.895,-1.623,-0.167,0.355,27.1,0.6922558593750008
0,Hit,-0.376,-1.491,0.739,0.564,147.602,0.7022558593750006
1,Miss,-2.055,-3.073,-1.037,0.513,95.047,0.7022558593750006
2,RP,-0.832,-1.574,-0.091,0.361,26.747,0.7022558593750006
0,Hit,-0.101,-1.205,1.003,0.559,146.763,0.7122558593750004
1,Miss,-1.975,-2.983,-0.966,0.508,94.736,0.7122558593750004
2,RP,-0.886,-1.622,-0.15,0.359,26.796,0.7122558593750004
0,Hit,-0.023,-1.124,1.077,0.557,142.309,0.7222558593750001
1,Miss,-1.95,-2.957,-0.943,0.507,92.761,0.7222558593750001
2,RP,-0.936,-1.676,-0.196,0.361,26.796,0.7222558593750001
0,Hit,-0.113,-1.209,0.984,0.555,139.501,0.7322558593750008
1,Miss,-1.882,-2.886,-0.877,0.506,91.427,0.7322558593750008
2,RP,-0.935,-1.676,-0.194,0.361,26.731,0.7322558593750008
0,Hit,-0.093,-1.172,0.986,0.546,151.25,0.7422558593750006
1,Miss,-1.723,-2.707,-0.738,0.496,97.18,0.7422558593750006
2,RP,-0.949,-1.665,-0.234,0.349,27.214,0.7422558593750006
0,Hit,0.023,-1.016,1.062,0.527,187.495,0.7522558593750004
1,Miss,-1.739,-2.678,-0.8,0.474,114.0,0.7522558593750004
2,RP,-1.001,-1.657,-0.345,0.321,28.698,0.7522558593750004
0,Hit,-0.036,-1.063,0.99,0.521,214.515,0.7622558593750002
1,Miss,-1.761,-2.684,-0.838,0.466,125.954,0.7622558593750002
2,RP,-1.046,-1.674,-0.417,0.308,29.938,0.7622558593750002
0,Hit,-0.173,-1.198,0.852,0.52,231.051,0.772255859375
1,Miss,-1.591,-2.509,-0.673,0.464,132.426,0.772255859375
2,RP,-0.984,-1.599,-0.368,0.302,30.39,0.772255859375
0,Hit,-0.145,-1.176,0.887,0.523,206.318,0.7822558593750006
1,Miss,-1.507,-2.435,-0.579,0.469,121.254,0.7822558593750006
2,RP,-0.878,-1.511,-0.244,0.31,28.874,0.7822558593750006
0,Hit,-0.099,-1.146,0.948,0.53,167.855,0.7922558593750004
1,Miss,-1.47,-2.421,-0.52,0.479,104.32,0.7922558593750004
2,RP,-0.759,-1.433,-0.084,0.329,27.341,0.7922558593750004
0,Hit,-0.088,-1.119,0.943,0.523,189.047,0.8022558593750002
1,Miss,-1.356,-2.287,-0.424,0.47,114.342,0.8022558593750002
2,RP,-0.541,-1.189,0.108,0.317,28.527,0.8022558593750002
0,Hit,-0.106,-1.11,0.897,0.509,232.051,0.812255859375
1,Miss,-1.319,-2.218,-0.42,0.455,132.809,0.812255859375
2,RP,-0.44,-1.042,0.162,0.295,30.418,0.812255859375
0,Hit,-0.17,-1.167,0.827,0.506,218.45,0.8222558593750007
1,Miss,-1.353,-2.248,-0.457,0.453,127.047,0.8222558593750007
2,RP,-0.632,-1.238,-0.025,0.297,29.774,0.8222558593750007
0,Hit,-0.192,-1.183,0.8,0.503,200.989,0.8322558593750005
1,Miss,-1.234,-2.127,-0.34,0.451,119.61,0.8322558593750005
2,RP,-0.782,-1.396,-0.167,0.301,29.045,0.8322558593750005
0,Hit,-0.187,-1.187,0.814,0.507,189.056,0.8422558593750002
1,Miss,-1.15,-2.054,-0.246,0.456,114.086,0.8422558593750002
2,RP,-0.666,-1.295,-0.038,0.307,28.355,0.8422558593750002
0,Hit,-0.242,-1.246,0.763,0.509,184.691,0.852255859375
1,Miss,-1.338,-2.246,-0.431,0.458,111.752,0.852255859375
2,RP,-0.589,-1.221,0.044,0.309,27.907,0.852255859375
0,Hit,-0.47,-1.441,0.501,0.493,217.244,0.8622558593750007
1,Miss,-1.504,-2.376,-0.633,0.44,125.636,0.8622558593750007
2,RP,-0.588,-1.176,0.001,0.288,29.209,0.8622558593750007
0,Hit,-0.655,-1.591,0.281,0.475,270.586,0.8722558593750005
1,Miss,-1.423,-2.254,-0.593,0.42,145.433,0.8722558593750005
2,RP,-0.521,-1.056,0.014,0.262,30.91,0.8722558593750005
0,Hit,-0.693,-1.628,0.241,0.475,310.922,0.8822558593750003
1,Miss,-1.377,-2.2,-0.554,0.416,157.563,0.8822558593750003
2,RP,-0.543,-1.054,-0.032,0.251,31.828,0.8822558593750003
0,Hit,-0.808,-1.729,0.112,0.468,350.794,0.8922558593750001
1,Miss,-1.555,-2.359,-0.751,0.407,169.15,0.8922558593750001
2,RP,-0.561,-1.045,-0.077,0.238,33.189,0.8922558593750001
0,Hit,-0.919,-1.837,-0.0,0.467,329.368,0.9022558593750007
1,Miss,-1.697,-2.503,-0.892,0.408,163.485,0.9022558593750007
2,RP,-0.477,-0.971,0.017,0.243,32.578,0.9022558593750007
0,Hit,-0.906,-1.836,0.025,0.473,290.336,0.9122558593750004
1,Miss,-1.541,-2.363,-0.718,0.416,151.474,0.9122558593750004
2,RP,-0.567,-1.087,-0.047,0.255,31.307,0.9122558593750004
0,Hit,-0.865,-1.802,0.071,0.476,269.525,0.9222558593750004
1,Miss,-1.256,-2.088,-0.425,0.421,145.381,0.9222558593750004
2,RP,-0.763,-1.3,-0.227,0.263,31.012,0.9222558593750004
0,Hit,-0.704,-1.63,0.221,0.47,263.163,0.932255859375
1,Miss,-1.128,-1.952,-0.304,0.417,144.418,0.932255859375
2,RP,-0.815,-1.352,-0.279,0.263,31.383,0.932255859375
0,Hit,-0.567,-1.47,0.335,0.459,275.771,0.9422558593750008
1,Miss,-1.1,-1.902,-0.298,0.406,149.459,0.9422558593750008
2,RP,-0.807,-1.325,-0.289,0.254,32.036,0.9422558593750008
0,Hit,-0.748,-1.663,0.167,0.465,241.306,0.9522558593750006
1,Miss,-0.985,-1.802,-0.168,0.413,135.427,0.9522558593750006
2,RP,-0.771,-1.312,-0.23,0.265,30.234,0.9522558593750006
0,Hit,-0.802,-1.752,0.148,0.482,192.237,0.9622558593750004
1,Miss,-0.764,-1.62,0.092,0.432,114.139,0.9622558593750004
2,RP,-0.663,-1.253,-0.074,0.288,27.631,0.9622558593750004
0,Hit,-0.531,-1.471,0.408,0.477,210.099,0.972255859375
1,Miss,-0.757,-1.6,0.087,0.426,121.678,0.972255859375
2,RP,-0.61,-1.181,-0.039,0.279,28.357,0.972255859375
0,Hit,-0.448,-1.352,0.457,0.46,278.66,0.9822558593750008
1,Miss,-1.02,-1.822,-0.217,0.406,148.643,0.9822558593750008
2,RP,-0.76,-1.273,-0.246,0.252,31.354,0.9822558593750008
0,Hit,-0.512,-1.413,0.389,0.458,271.975,0.9922558593750006
1,Miss,-1.066,-1.865,-0.266,0.404,145.025,0.9922558593750006
2,RP,-0.841,-1.354,-0.329,0.251,30.582,0.9922558593750006
0,Hit,-0.434,-1.351,0.483,0.466,225.863,1.0022558593750004
1,Miss,-0.798,-1.619,0.022,0.415,127.45,1.0022558593750004
2,RP,-0.698,-1.244,-0.152,0.267,28.663,1.0022558593750004
0,Hit,-0.372,-1.286,0.542,0.464,226.558,1.0122558593750002
1,Miss,-0.677,-1.495,0.142,0.414,129.047,1.0122558593750002
2,RP,-0.599,-1.147,-0.052,0.268,29.376,1.0122558593750002
0,Hit,-0.469,-1.379,0.44,0.462,250.173,1.022255859375
1,Miss,-0.784,-1.595,0.027,0.41,138.533,1.022255859375
2,RP,-0.569,-1.101,-0.037,0.261,30.425,1.022255859375
0,Hit,-0.6,-1.504,0.303,0.458,241.951,1.0322558593750006
1,Miss,-0.869,-1.674,-0.064,0.407,133.672,1.0322558593750006
2,RP,-0.518,-1.047,0.01,0.259,29.286,1.0322558593750006
0,Hit,-0.647,-1.523,0.229,0.445,258.257,1.0422558593750004
1,Miss,-0.859,-1.637,-0.081,0.394,139.266,1.0422558593750004
2,RP,-0.524,-1.027,-0.021,0.246,29.705,1.0422558593750004
0,Hit,-0.557,-1.395,0.28,0.426,358.076,1.0522558593750002
1,Miss,-0.884,-1.615,-0.152,0.371,172.746,1.0522558593750002
2,RP,-0.587,-1.027,-0.146,0.217,33.913,1.0522558593750002
0,Hit,-0.424,-1.271,0.422,0.43,342.752,1.062255859375
1,Miss,-0.934,-1.674,-0.195,0.375,165.063,1.062255859375
2,RP,-0.611,-1.057,-0.165,0.219,32.355,1.062255859375
0,Hit,-0.465,-1.358,0.427,0.453,250.079,1.072255859375001
1,Miss,-0.979,-1.772,-0.186,0.401,134.84,1.072255859375001
2,RP,-0.52,-1.034,-0.007,0.251,28.761,1.072255859375001
0,Hit,-0.663,-1.554,0.227,0.452,252.281,1.0822558593750005
1,Miss,-1.064,-1.856,-0.271,0.401,137.267,1.0822558593750005
2,RP,-0.388,-0.904,0.127,0.252,29.559,1.0822558593750005
0,Hit,-0.784,-1.618,0.05,0.424,367.58,1.0922558593750002
1,Miss,-1.113,-1.84,-0.386,0.369,175.874,1.0922558593750002
2,RP,-0.399,-0.834,0.036,0.214,34.408,1.0922558593750002
0,Hit,-0.809,-1.616,-0.001,0.411,420.406,1.102255859375
1,Miss,-1.189,-1.887,-0.491,0.354,190.055,1.102255859375
2,RP,-0.501,-0.903,-0.099,0.198,36.648,1.102255859375
0,Hit,-0.907,-1.729,-0.085,0.418,345.699,1.1122558593750007
1,Miss,-1.209,-1.928,-0.49,0.364,167.665,1.1122558593750007
2,RP,-0.559,-0.993,-0.124,0.214,32.987,1.1122558593750007
0,Hit,-1.119,-1.946,-0.291,0.421,320.217,1.1222558593750005
1,Miss,-1.181,-1.909,-0.454,0.368,160.823,1.1222558593750005
2,RP,-0.478,-0.927,-0.029,0.221,32.288,1.1222558593750005
0,Hit,-1.316,-2.128,-0.503,0.413,326.866,1.1322558593750005
1,Miss,-1.128,-1.839,-0.416,0.36,159.522,1.1322558593750005
2,RP,-0.404,-0.837,0.029,0.212,31.469,1.1322558593750005
0,Hit,-1.415,-2.236,-0.594,0.417,292.465,1.142255859375
1,Miss,-1.016,-1.739,-0.293,0.366,148.418,1.142255859375
2,RP,-0.472,-0.923,-0.021,0.221,30.004,1.142255859375
0,Hit,-1.411,-2.243,-0.579,0.422,259.745,1.1522558593750007
1,Miss,-0.987,-1.727,-0.248,0.374,140.834,1.1522558593750007
2,RP,-0.51,-0.989,-0.03,0.235,30.21,1.1522558593750007
0,Hit,-1.354,-2.205,-0.504,0.432,215.179,1.1622558593750003
1,Miss,-1.032,-1.796,-0.269,0.386,124.365,1.1622558593750003
2,RP,-0.484,-1.0,0.032,0.252,28.892,1.1622558593750003
0,Hit,-1.126,-1.981,-0.271,0.434,209.333,1.1722558593750003
1,Miss,-1.103,-1.872,-0.335,0.388,121.731,1.1722558593750003
2,RP,-0.508,-1.03,0.013,0.255,28.536,1.1722558593750003
0,Hit,-0.797,-1.63,0.035,0.423,245.922,1.182255859375
1,Miss,-1.157,-1.899,-0.414,0.376,136.556,1.182255859375
2,RP,-0.469,-0.957,0.019,0.239,30.092,1.182255859375
0,Hit,-0.691,-1.487,0.105,0.404,301.574,1.1922558593750008
1,Miss,-1.068,-1.771,-0.366,0.356,156.711,1.1922558593750008
2,RP,-0.413,-0.855,0.03,0.217,32.28,1.1922558593750008
0,Hit,-0.689,-1.462,0.085,0.393,326.546,1.2022558593750006
1,Miss,-0.97,-1.649,-0.291,0.344,162.176,1.2022558593750006
2,RP,-0.433,-0.85,-0.017,0.205,32.326,1.2022558593750006
0,Hit,-0.47,-1.244,0.305,0.394,344.073,1.2122558593750004
1,Miss,-1.028,-1.706,-0.351,0.343,167.134,1.2122558593750004
2,RP,-0.437,-0.847,-0.027,0.201,32.908,1.2122558593750004
0,Hit,-0.437,-1.227,0.353,0.402,326.335,1.222255859375
1,Miss,-1.021,-1.717,-0.326,0.352,165.325,1.222255859375
2,RP,-0.402,-0.833,0.028,0.212,33.397,1.222255859375
0,Hit,-0.844,-1.635,-0.054,0.402,321.46,1.2322558593750008
1,Miss,-0.815,-1.512,-0.118,0.353,165.135,1.2322558593750008
2,RP,-0.381,-0.816,0.054,0.214,33.705,1.2322558593750008
0,Hit,-1.103,-1.9,-0.306,0.405,271.232,1.2422558593750006
1,Miss,-0.664,-1.371,0.044,0.358,146.25,1.2422558593750006
2,RP,-0.417,-0.873,0.039,0.224,31.185,1.2422558593750006
0,Hit,-0.965,-1.769,-0.162,0.408,251.757,1.2522558593750004
1,Miss,-0.805,-1.52,-0.089,0.362,137.663,1.2522558593750004
2,RP,-0.398,-0.864,0.068,0.228,29.805,1.2522558593750004
0,Hit,-0.868,-1.666,-0.069,0.406,265.76,1.2622558593750002
1,Miss,-0.912,-1.622,-0.203,0.359,143.383,1.2622558593750002
2,RP,-0.331,-0.789,0.127,0.224,30.595,1.2622558593750002
0,Hit,-0.974,-1.771,-0.176,0.405,258.796,1.272255859375
1,Miss,-0.714,-1.424,-0.004,0.359,141.577,1.272255859375
2,RP,-0.297,-0.759,0.165,0.226,30.663,1.272255859375
0,Hit,-1.022,-1.809,-0.234,0.4,301.354,1.2822558593750006
1,Miss,-0.563,-1.259,0.132,0.352,156.845,1.2822558593750006
2,RP,-0.187,-0.625,0.251,0.215,32.351,1.2822558593750006
0,Hit,-1.002,-1.771,-0.233,0.391,348.494,1.2922558593750004
1,Miss,-0.614,-1.287,0.059,0.341,170.995,1.2922558593750004
2,RP,-0.146,-0.555,0.263,0.201,33.86,1.2922558593750004
0,Hit,-1.03,-1.805,-0.255,0.394,295.262,1.3022558593750002
1,Miss,-0.618,-1.304,0.067,0.347,154.98,1.3022558593750002
2,RP,-0.266,-0.7,0.168,0.213,32.202,1.3022558593750002
0,Hit,-1.06,-1.831,-0.289,0.392,263.203,1.312255859375
1,Miss,-0.484,-1.17,0.202,0.347,143.987,1.312255859375
2,RP,-0.312,-0.758,0.134,0.219,31.181,1.312255859375
0,Hit,-1.114,-1.882,-0.347,0.39,277.538,1.322255859375001
1,Miss,-0.308,-0.989,0.373,0.345,149.111,1.322255859375001
2,RP,-0.29,-0.728,0.148,0.215,31.676,1.322255859375001
0,Hit,-1.131,-1.907,-0.355,0.394,265.031,1.3322558593750005
1,Miss,-0.16,-0.85,0.531,0.349,144.188,1.3322558593750005
2,RP,-0.431,-0.878,0.017,0.219,31.037,1.3322558593750005
0,Hit,-1.076,-1.84,-0.311,0.388,267.837,1.3422558593750002
1,Miss,-0.127,-0.806,0.552,0.344,145.177,1.3422558593750002
2,RP,-0.637,-1.076,-0.197,0.216,31.126,1.3422558593750002
0,Hit,-0.956,-1.708,-0.205,0.382,276.262,1.352255859375
1,Miss,-0.179,-0.845,0.488,0.337,147.663,1.352255859375
2,RP,-0.683,-1.11,-0.255,0.21,31.209,1.352255859375
0,Hit,-0.783,-1.541,-0.025,0.385,255.089,1.3622558593750007
1,Miss,-0.25,-0.926,0.425,0.342,140.642,1.3622558593750007
2,RP,-0.679,-1.12,-0.237,0.217,30.73,1.3622558593750007
0,Hit,-0.597,-1.361,0.167,0.388,256.136,1.3722558593750005
1,Miss,-0.439,-1.12,0.242,0.345,142.015,1.3722558593750005
2,RP,-0.767,-1.214,-0.32,0.219,31.231,1.3722558593750005
0,Hit,-0.565,-1.311,0.181,0.379,306.793,1.3822558593750005
1,Miss,-0.681,-1.339,-0.023,0.333,158.722,1.3822558593750005
2,RP,-0.868,-1.281,-0.455,0.203,32.576,1.3822558593750005
0,Hit,-0.547,-1.281,0.186,0.373,335.077,1.392255859375
1,Miss,-0.724,-1.369,-0.08,0.326,167.562,1.392255859375
2,RP,-0.855,-1.251,-0.459,0.195,33.555,1.392255859375
0,Hit,-0.3,-1.035,0.435,0.374,317.163,1.4022558593750007
1,Miss,-0.621,-1.269,0.028,0.328,163.708,1.4022558593750007
2,RP,-0.747,-1.153,-0.341,0.2,33.539,1.4022558593750007
0,Hit,-0.277,-1.033,0.48,0.384,244.023,1.4122558593750003
1,Miss,-0.57,-1.246,0.105,0.342,136.683,1.4122558593750003
2,RP,-0.71,-1.156,-0.264,0.219,30.438,1.4122558593750003
0,Hit,-0.65,-1.445,0.144,0.402,165.491,1.4222558593750003
1,Miss,-0.449,-1.169,0.272,0.363,102.276,1.4222558593750003
2,RP,-0.717,-1.228,-0.207,0.249,26.537,1.4222558593750003
0,Hit,-0.823,-1.669,0.024,0.427,117.347,1.432255859375
1,Miss,-0.303,-1.082,0.475,0.391,78.693,1.432255859375
2,RP,-0.505,-1.092,0.082,0.284,24.283,1.432255859375
0,Hit,-0.653,-1.512,0.206,0.433,104.437,1.4422558593750008
1,Miss,-0.283,-1.077,0.512,0.398,72.028,1.4422558593750008
2,RP,-0.046,-0.657,0.565,0.296,23.819,1.4422558593750008
0,Hit,-0.607,-1.428,0.215,0.415,128.329,1.4522558593750006
1,Miss,-0.228,-0.981,0.525,0.379,84.408,1.4522558593750006
2,RP,0.392,-0.167,0.95,0.271,24.9,1.4522558593750006
0,Hit,-0.682,-1.466,0.101,0.397,181.169,1.4622558593750004
1,Miss,-0.204,-0.912,0.503,0.357,108.511,1.4622558593750004
2,RP,0.697,0.206,1.187,0.239,26.654,1.4622558593750004
0,Hit,-0.478,-1.234,0.278,0.384,233.945,1.472255859375
1,Miss,-0.275,-0.949,0.398,0.34,128.688,1.472255859375
2,RP,0.887,0.445,1.329,0.216,28.06,1.472255859375
0,Hit,-0.175,-0.921,0.57,0.378,265.2,1.4822558593750008
1,Miss,-0.3,-0.96,0.361,0.334,140.875,1.4822558593750008
2,RP,0.942,0.518,1.365,0.207,29.6,1.4822558593750008
0,Hit,-0.178,-0.942,0.586,0.388,220.712,1.4922558593750006
1,Miss,-0.327,-1.011,0.357,0.346,125.41,1.4922558593750006
2,RP,0.916,0.459,1.374,0.224,28.463,1.4922558593750006
0,Hit,-0.347,-1.104,0.41,0.384,210.198,1.5022558593750004
1,Miss,-0.394,-1.072,0.285,0.343,119.937,1.5022558593750004
2,RP,0.958,0.502,1.414,0.222,27.385,1.5022558593750004
